{"type": "FeatureCollection", "features": [{"type": "Feature", "geometry": {"type": "Point", "coordinates": [-95.305, 20.1964]}, "properties": {"platform": "1902883", "time": "2026-09-18T22:59:29Z", "cycle": "19", "profile_time": "2026-09-18T22:59:29Z", "profile": {"depth": [0, 5, 10, 15, 20, 25, 30, 35, 40, 45, 50, 55, 60, 65, 70, 75, 80, 85, 90, 95, 100, 105, 110, 115, 120, 125, 130, 135, 140, 145, 150, 155, 160, 165, 170, 175, 180, 185, 190, 195, 200, 205, 210, 215, 220, 225, 230, 235, 240, 245, 250, 255, 260, 265, 270, 275, 280, 285, 290, 295, 300, 320, 340, 360, 380, 400, 420, 440, 460, 480, 500, 520, 540, 560, 580, 600, 620, 640, 660, 680, 700, 720, 740, 760, 780, 800, 820, 840, 860, 880, 900, 920, 940, 960, 980, 1000, 1020, 1040, 1060, 1080, 1100, 1120, 1140, 1160, 1180, 1200, 1220, 1240, 1260, 1280, 1300, 1320, 1340, 1360, 1380, 1400, 1420, 1440, 1460, 1480, 1500, 1520, 1540, 1560, 1580, 1600, 1620, 1640, 1660, 1680, 1700, 1720, 1740, 1760, 1780, 1800, 1820, 1840, 1860, 1880, 1900, 1920, 1940, 1960, 1980, 2000, 2020, 2040, 2060, 2080, 2100, 2120, 2140, 2160, 2180, 2200, 2220, 2240, 2260, 2280, 2300, 2320, 2340, 2360, 2380, 2400, 2420, 2440, 2460, 2480, 2500, 2520, 2540, 2560, 2580, 2600, 2620, 2640, 2660, 2680, 2700, 2720, 2740, 2760], "temperature": [30.468, 30.304, 30.401, 30.648, 30.668, 30.669, 30.653, 30.635, 30.617, 30.499, 28.905, 26.97, 26.271, 25.433, 24.296, 23.139, 22.305, 21.174, 20.54, 19.902, 19.479, 19.193, 18.728, 18.416, 18.063, 17.79, 17.513, 17.203, 16.969, 16.63, 16.431, 16.308, 16.108, 15.87, 15.706, 15.588, 15.391, 15.152, 14.962, 14.771, 14.529, 14.283, 14.112, 14.012, 13.861, 13.696, 13.589, 13.445, 13.295, 13.1, 12.9, 12.709, 12.527, 12.368, 12.153, 11.979, 11.869, 11.689, 11.582, 11.413, 11.235, 10.94, 10.546, 10.167, 9.811, 9.393, 9.066, 8.835, 8.543, 8.266, 8.037, 7.798, 7.556, 7.33, 7.119, 6.9, 6.693, 6.486, 6.303, 6.146, 6.013, 5.915, 5.803, 5.671, 5.572, 5.496, 5.411, 5.352, 5.279, 5.199, 5.118, 5.026, 4.927, 4.849, 4.774, 4.696, 4.641, 4.583, 4.544, 4.5, 4.47, 4.445, 4.422, 4.397, 4.379, 4.366, 4.355, 4.346, 4.336, 4.326, 4.316, 4.308, 4.302, 4.296, 4.29, 4.286, 4.283, 4.28, 4.276, 4.274, 4.273, 4.271, 4.271, 4.271, 4.269, 4.269, 4.268, 4.268, 4.267, 4.266, 4.266, 4.266, 4.266, 4.267, 4.267, 4.268, 4.269, 4.27, 4.27, 4.271, 4.272, 4.273, 4.274, 4.275, 4.276, 4.277, 4.277, 4.278, 4.28, 4.28, 4.282, 4.284, 4.284, 4.285, 4.287, 4.288, 4.29, 4.292, 4.293, 4.294, 4.296, 4.297, 4.299, 4.3, 4.303, 4.304, 4.306, 4.308, 4.309, 4.312, 4.313, 4.315, 4.316, 4.319, 4.321, 4.323, 4.325, 4.327, 4.329, 4.333, 4.335, 4.337, 4.339, 4.341], "salinity": [35.933, 35.912, 36.261, 36.608, 36.715, 36.791, 36.814, 36.814, 36.814, 36.8, 36.67, 36.674, 36.663, 36.614, 36.591, 36.576, 36.578, 36.591, 36.602, 36.597, 36.576, 36.548, 36.501, 36.465, 36.416, 36.38, 36.343, 36.298, 36.262, 36.215, 36.183, 36.164, 36.13, 36.096, 36.071, 36.051, 36.02, 35.983, 35.953, 35.922, 35.883, 35.847, 35.821, 35.801, 35.779, 35.755, 35.737, 35.714, 35.692, 35.66, 35.633, 35.602, 35.575, 35.552, 35.52, 35.496, 35.477, 35.454, 35.436, 35.413, 35.387, 35.345, 35.291, 35.24, 35.195, 35.146, 35.108, 35.082, 35.051, 35.022, 35.001, 34.978, 34.959, 34.945, 34.934, 34.925, 34.919, 34.916, 34.916, 34.916, 34.916, 34.917, 34.918, 34.92, 34.922, 34.924, 34.927, 34.928, 34.93, 34.933, 34.935, 34.938, 34.942, 34.944, 34.947, 34.95, 34.952, 34.954, 34.956, 34.958, 34.959, 34.961, 34.962, 34.963, 34.964, 34.964, 34.965, 34.965, 34.966, 34.966, 34.967, 34.967, 34.968, 34.968, 34.969, 34.969, 34.969, 34.969, 34.97, 34.97, 34.97, 34.97, 34.97, 34.97, 34.97, 34.97, 34.97, 34.971, 34.971, 34.971, 34.971, 34.971, 34.971, 34.971, 34.971, 34.971, 34.971, 34.972, 34.971, 34.972, 34.972, 34.972, 34.972, 34.972, 34.972, 34.972, null, null, null, null, null, null, null, null, null, null, null, null, null, null, null, null, null, null, null, null, null, null, null, null, null, null, null, null, null, null, null, null, null, null, null, null, null, null]}, "surface": {"temperature": 30.386, "salinity": 36.103}, "n_levels": 1082, "maxDepth": 2768.2, "d26": 61.6, "mld": 50, "profile_cycle": 19}}, {"type": "Feature", "geometry": {"type": "Point", "coordinates": [-93.907, 22.2929]}, "properties": {"platform": "2904010", "time": "2026-09-27T10:51:15Z", "cycle": "61", "profile_time": "2026-09-27T10:51:15Z", "profile": {"depth": [5, 10, 15, 20, 25, 30, 35, 40, 45, 50, 55, 60, 65, 70, 75, 80, 85, 90, 95, 100, 105, 110, 115, 120, 125, 130, 135, 140, 145, 150, 155, 160, 165, 170, 175, 180, 185, 190, 195, 200, 205, 210, 215, 220, 225, 230, 235, 240, 245, 250, 255, 260, 265, 270, 275, 280, 285, 290, 295, 300, 320, 340, 360, 380, 400, 420, 440, 460, 480, 500, 520, 540, 560, 580, 600, 620, 640, 660, 680, 700, 720, 740, 760, 780, 800, 820, 840, 860, 880, 900, 920, 940, 960, 980, 1000, 1100, 1200, 1300, 1400, 1500, 1600], "temperature": [31.026, 31.025, 31.023, 31.024, 31.026, 30.928, 30.803, 30.699, 30.696, 30.361, 29.169, 27.483, 26.553, 25.845, 25.294, 24.807, 24.329, 23.996, 23.671, 23.258, 22.898, 22.568, 22.27, 21.855, 21.6, 21.278, 20.98, 20.654, 20.392, 19.936, 19.624, 19.281, 19.05, 18.943, 18.672, 18.433, 18.276, 18.086, 17.941, 17.745, 17.517, 17.259, 16.999, 16.752, 16.505, 16.418, 16.364, 16.158, 15.951, 15.725, 15.496, 15.273, 15.166, 14.94, 14.801, 14.617, 14.488, 14.359, 14.2, 13.952, 13.51, 13.017, 12.531, 12.089, 11.576, 11.229, 10.867, 10.481, 10.176, 9.869, 9.541, 9.242, 8.932, 8.674, 8.459, 8.194, 7.909, 7.699, 7.52, 7.289, 7.105, 6.969, 6.836, 6.661, 6.515, 6.375, 6.234, 6.114, 6.01, 5.933, 5.829, 5.726, 5.629, 5.579, 5.452, 5.019, 4.693, 4.513, 4.418, 4.368, 4.338], "salinity": [36.864, 36.864, 36.864, 36.864, 36.864, 36.89, 36.962, 36.983, 37.002, 36.939, 36.75, 36.652, 36.624, 36.609, 36.604, 36.596, 36.6, 36.622, 36.615, 36.603, 36.593, 36.589, 36.617, 36.605, 36.617, 36.63, 36.654, 36.667, 36.668, 36.637, 36.61, 36.575, 36.55, 36.538, 36.51, 36.48, 36.459, 36.435, 36.416, 36.39, 36.355, 36.317, 36.278, 36.241, 36.203, 36.188, 36.179, 36.149, 36.117, 36.082, 36.046, 36.011, 35.992, 35.958, 35.936, 35.906, 35.886, 35.866, 35.841, 35.802, 35.734, 35.658, 35.586, 35.519, 35.444, 35.395, 35.343, 35.291, 35.249, 35.208, 35.167, 35.13, 35.095, 35.067, 35.044, 35.019, 34.991, 34.972, 34.961, 34.949, 34.941, 34.94, 34.935, 34.928, 34.924, 34.922, 34.921, 34.921, 34.922, 34.922, 34.924, 34.926, 34.928, 34.929, 34.931, 34.944, 34.956, 34.964, 34.969, 34.971, 34.973]}, "surface": {"temperature": 31.025, "salinity": 36.864}, "n_levels": 496, "maxDepth": 1597.6, "d26": 68.9, "mld": 50, "profile_cycle": 61}}, {"type": "Feature", "geometry": {"type": "Point", "coordinates": [-88.451, 27.2035]}, "properties": {"platform": "2904011", "time": "2026-10-06T00:11:19Z", "cycle": "61", "profile_time": "2026-09-25T16:58:43Z", "profile": {"depth": [5, 10, 15, 20, 25, 30, 35, 40, 45, 50, 55, 60, 65, 70, 75, 80, 85, 90, 95, 100, 105, 110, 115, 120, 125, 130, 135, 140, 145, 150, 155, 160, 165, 170, 175, 180, 185, 190, 195, 200, 205, 210, 215, 220, 225, 230, 235, 240, 245, 250, 255, 260, 265, 270, 275, 280, 285, 290, 295, 300, 320, 340, 360, 380, 400, 420, 440, 460, 480, 500, 520, 540, 560, 580, 600, 620, 640, 660, 680, 700, 720, 740, 760, 780, 800, 820, 840, 860, 880, 900, 920, 940, 960, 980, 1000, 1100, 1200, 1300, 1400, 1500, 1600, 1700], "temperature": [30.48, 30.462, 30.455, 30.451, 30.447, 30.447, 30.445, 30.444, 30.443, 30.306, 29.667, 29.491, 29.352, 29.238, 29.09, 28.851, 28.704, 28.59, 28.46, 28.318, 28.214, 28.082, 27.974, 27.819, 27.56, 27.341, 27.174, 27.078, 27.012, 26.862, 26.636, 26.379, 26.361, 26.142, 25.915, 25.745, 25.477, 25.121, 24.847, 24.601, 24.354, 24.119, 23.608, 23.252, 22.928, 22.535, 22.309, 21.863, 21.572, 21.39, 21.06, 20.837, 20.63, 20.443, 20.274, 20.122, 19.931, 19.765, 19.641, 19.396, 18.953, 18.152, 17.381, 16.548, 15.853, 15.208, 14.644, 13.981, 13.466, 12.881, 12.361, 11.867, 11.402, 10.915, 10.488, 10.164, 9.822, 9.457, 9.059, 8.699, 8.445, 8.162, 7.885, 7.649, 7.418, 7.185, 7.011, 6.854, 6.623, 6.447, 6.284, 6.124, 6.004, 5.917, 5.795, 5.378, 5.0, 4.7, 4.546, 4.445, 4.395, 4.368], "salinity": [36.204, 36.204, 36.204, 36.204, 36.204, 36.204, 36.204, 36.203, 36.203, 36.194, 36.162, 36.144, 36.138, 36.172, 36.184, 36.19, 36.191, 36.197, 36.206, 36.218, 36.224, 36.245, 36.27, 36.309, 36.285, 36.308, 36.349, 36.385, 36.436, 36.477, 36.517, 36.539, 36.614, 36.676, 36.721, 36.769, 36.811, 36.849, 36.871, 36.896, 36.944, 36.957, 36.929, 36.927, 36.925, 36.91, 36.9, 36.878, 36.865, 36.846, 36.814, 36.8, 36.788, 36.771, 36.755, 36.735, 36.709, 36.69, 36.675, 36.648, 36.59, 36.459, 36.336, 36.2, 36.092, 35.986, 35.888, 35.784, 35.705, 35.61, 35.528, 35.455, 35.393, 35.325, 35.264, 35.224, 35.174, 35.131, 35.088, 35.05, 35.025, 35.0, 34.982, 34.963, 34.946, 34.934, 34.927, 34.923, 34.915, 34.914, 34.915, 34.917, 34.919, 34.92, 34.923, 34.933, 34.946, 34.957, 34.964, 34.969, 34.971, 34.974]}, "surface": {"temperature": 30.467, "salinity": 36.204}, "n_levels": 497, "maxDepth": 1699.2, "d26": 173.1, "mld": 55, "profile_cycle": 60}}, {"type": "Feature", "geometry": {"type": "Point", "coordinates": [-91.8034, 26.267]}, "properties": {"platform": "2904033", "time": "2026-10-06T01:34:29Z", "cycle": "62", "profile_time": "2026-10-06T01:34:29Z", "profile": {"depth": [0, 5, 10, 15, 20, 25, 30, 35, 40, 45, 50, 55, 60, 65, 70, 75, 80, 85, 90, 95, 100, 105, 110, 115, 120, 125, 130, 135, 140, 145, 150, 155, 160, 165, 170, 175, 180, 185, 190, 195, 200, 205, 210, 215, 220, 225, 230, 235, 240, 245, 250, 255, 260, 265, 270, 275, 280, 285, 290, 295, 300, 320, 340, 360, 380, 400, 420, 440, 460, 480, 500, 520, 540, 560, 580, 600, 620, 640, 660, 680, 700, 720, 740, 760, 780, 800, 820, 840, 860, 880, 900, 920, 940, 960, 980, 1000], "temperature": [29.747, 29.759, 29.761, 29.754, 29.405, 28.874, 28.552, 28.309, 27.996, 27.879, 27.534, 27.334, 27.085, 26.8, 26.584, 26.23, 25.868, 25.512, 25.072, 24.624, 24.36, 23.898, 23.342, 22.889, 22.427, 22.094, 21.79, 21.404, 21.093, 20.757, 20.536, 20.233, 20.064, 19.779, 19.545, 19.347, 19.215, 19.122, 18.967, 18.881, 18.612, 18.162, 18.065, 17.873, 17.705, 17.539, 17.358, 17.191, 16.946, 16.825, 16.628, 16.453, 16.366, 16.267, 16.056, 15.835, 15.565, 15.28, 15.058, 14.846, 14.603, 13.842, 13.19, 12.606, 11.99, 11.285, 10.894, 10.601, 10.282, 9.87, 9.487, 9.13, 8.831, 8.507, 8.267, 8.042, 7.77, 7.481, 7.23, 7.015, 6.822, 6.644, 6.491, 6.345, 6.232, 6.091, 5.978, 5.88, 5.78, 5.675, 5.561, 5.467, 5.39, 5.324, 5.259, 5.189], "salinity": [36.364, 36.363, 36.361, 36.359, 36.342, 36.319, 36.322, 36.361, 36.359, 36.386, 36.382, 36.449, 36.552, 36.62, 36.626, 36.668, 36.72, 36.782, 36.843, 36.863, 36.87, 36.908, 36.917, 36.925, 36.897, 36.889, 36.873, 36.847, 36.822, 36.795, 36.767, 36.735, 36.721, 36.688, 36.657, 36.63, 36.621, 36.62, 36.596, 36.581, 36.532, 36.454, 36.447, 36.423, 36.392, 36.362, 36.329, 36.299, 36.263, 36.242, 36.216, 36.184, 36.17, 36.154, 36.12, 36.084, 36.038, 35.995, 35.952, 35.923, 35.882, 35.759, 35.658, 35.578, 35.495, 35.392, 35.335, 35.295, 35.253, 35.199, 35.148, 35.105, 35.071, 35.037, 35.018, 34.996, 34.972, 34.947, 34.934, 34.928, 34.915, 34.911, 34.91, 34.909, 34.911, 34.911, 34.913, 34.914, 34.916, 34.918, 34.921, 34.923, 34.925, 34.927, 34.929, 34.931]}, "surface": {"temperature": 29.757, "salinity": 36.362}, "n_levels": 508, "maxDepth": 1005.4, "d26": 78.2, "mld": 25, "profile_cycle": 62}}, {"type": "Feature", "geometry": {"type": "Point", "coordinates": [-93.2948, 25.9789]}, "properties": {"platform": "2904124", "time": "2026-10-03T12:29:24Z", "cycle": "58", "profile_time": "2026-10-03T12:29:24Z", "profile": {"depth": [0, 5, 10, 15, 20, 25, 30, 35, 40, 45, 50, 55, 60, 65, 70, 75, 80, 85, 90, 95, 100, 105, 110, 115, 120, 125, 130, 135, 140, 145, 150, 155, 160, 165, 170, 175, 180, 185, 190, 195, 200, 205, 210, 215, 220, 225, 230, 235, 240, 245, 250, 255, 260, 265, 270, 275, 280, 285, 290, 295, 300, 320, 340, 360, 380, 400, 420, 440, 460, 480, 500, 520, 540, 560, 580, 600, 620, 640, 660, 680, 700, 720, 740, 760, 780, 800, 820, 840, 860, 880, 900, 920, 940, 960, 980], "temperature": [29.737, 29.804, 29.859, 29.861, 29.861, 29.86, 29.808, 28.636, 26.803, 25.498, 24.06, 22.816, 22.136, 21.46, 20.824, 20.23, 19.601, 19.346, 18.876, 18.47, 18.038, 17.634, 17.316, 17.058, 16.822, 16.617, 16.264, 16.102, 15.891, 15.709, 15.526, 15.327, 15.179, 14.983, 14.734, 14.562, 14.434, 14.301, 14.113, 13.931, 13.746, 13.526, 13.414, 13.229, 13.046, 12.94, 12.82, 12.75, 12.61, 12.47, 12.387, 12.23, 12.112, 12.055, 11.926, 11.792, 11.69, 11.566, 11.474, 11.323, 11.147, 10.907, 10.516, 10.172, 9.872, 9.539, 9.126, 8.715, 8.467, 8.256, 7.996, 7.677, 7.389, 7.182, 6.954, 6.793, 6.61, 6.452, 6.339, 6.225, 6.119, 5.986, 5.873, 5.761, 5.661, 5.561, 5.464, 5.357, 5.264, 5.189, 5.122, 5.039, 4.97, 4.915, 4.852], "salinity": [36.454, 36.502, 36.548, 36.549, 36.549, 36.548, 36.544, 36.518, 36.525, 36.578, 36.625, 36.658, 36.643, 36.69, 36.668, 36.623, 36.566, 36.558, 36.51, 36.457, 36.404, 36.354, 36.321, 36.284, 36.248, 36.215, 36.161, 36.132, 36.104, 36.076, 36.045, 36.016, 35.99, 35.961, 35.921, 35.895, 35.875, 35.853, 35.824, 35.796, 35.766, 35.731, 35.712, 35.689, 35.656, 35.639, 35.622, 35.611, 35.592, 35.57, 35.557, 35.535, 35.516, 35.507, 35.488, 35.466, 35.451, 35.433, 35.419, 35.396, 35.374, 35.34, 35.286, 35.24, 35.201, 35.161, 35.102, 35.05, 35.029, 35.009, 34.985, 34.961, 34.941, 34.93, 34.921, 34.917, 34.913, 34.911, 34.911, 34.911, 34.912, 34.914, 34.916, 34.918, 34.921, 34.923, 34.926, 34.929, 34.931, 34.934, 34.936, 34.939, 34.941, 34.943, 34.945]}, "surface": {"temperature": 29.816, "salinity": 36.513}, "n_levels": 500, "maxDepth": 989.2, "d26": 43.1, "mld": 35, "profile_cycle": 58}}, {"type": "Feature", "geometry": {"type": "Point", "coordinates": [-93.8898, 26.5699]}, "properties": {"platform": "3902693", "time": "2026-10-02T12:56:15Z", "cycle": "14", "profile_time": "2026-10-02T12:56:15Z", "profile": {"depth": [5, 10, 15, 20, 25, 30, 35, 40, 45, 50, 55, 60, 65, 70, 75, 80, 85, 90, 95, 100, 105, 110, 115, 120, 125, 130, 135, 140, 145, 150, 155, 160, 165, 170, 175, 180, 185, 190, 195, 200, 205, 210, 215, 220, 225, 230, 235, 240, 245, 250, 255, 260, 265, 270, 275, 280, 285, 290, 295, 300, 320, 340, 360, 380, 400, 420, 440, 460, 480, 500, 520, 540, 560, 580, 600, 620, 640, 660, 680, 700, 720, 740, 760, 780, 800, 820, 840, 860, 880, 900, 920, 940, 960, 980, 1000, 1100, 1200, 1300, 1400], "temperature": [29.929, 29.929, 29.931, 29.931, 29.933, 29.599, 28.12, 27.007, 25.755, 24.761, 23.69, 22.651, 21.785, 21.353, 20.724, 20.177, 19.657, 19.337, 19.103, 18.599, 18.191, 18.031, 17.852, 17.665, 17.425, 17.181, 16.976, 16.718, 16.506, 16.297, 16.015, 15.774, 15.564, 15.396, 15.169, 14.963, 14.784, 14.614, 14.354, 14.143, 13.966, 13.882, 13.711, 13.54, 13.398, 13.336, 13.271, 13.214, 13.119, 13.032, 12.846, 12.666, 12.557, 12.484, 12.373, 12.202, 11.998, 11.837, 11.738, 11.566, 11.284, 10.848, 10.468, 10.218, 9.858, 9.487, 9.102, 8.761, 8.474, 8.248, 8.114, 7.798, 7.549, 7.293, 7.111, 6.912, 6.707, 6.554, 6.381, 6.234, 6.133, 6.046, 5.953, 5.86, 5.766, 5.669, 5.573, 5.487, 5.391, 5.31, 5.228, 5.15, 5.075, 5.034, 4.927, 4.628, 4.459, 4.362, 4.282], "salinity": [36.529, 36.529, 36.531, 36.53, 36.535, 36.637, 36.691, 36.686, 36.669, 36.657, 36.642, 36.638, 36.648, 36.654, 36.653, 36.646, 36.614, 36.588, 36.565, 36.5, 36.448, 36.441, 36.418, 36.394, 36.359, 36.321, 36.287, 36.246, 36.214, 36.179, 36.13, 36.092, 36.058, 36.03, 35.994, 35.959, 35.93, 35.903, 35.862, 35.828, 35.797, 35.785, 35.758, 35.731, 35.712, 35.704, 35.695, 35.686, 35.671, 35.656, 35.63, 35.602, 35.585, 35.574, 35.558, 35.533, 35.499, 35.471, 35.454, 35.431, 35.395, 35.327, 35.272, 35.248, 35.203, 35.156, 35.106, 35.066, 35.038, 35.026, 35.021, 34.989, 34.973, 34.957, 34.948, 34.941, 34.936, 34.934, 34.933, 34.933, 34.933, 34.934, 34.935, 34.937, 34.939, 34.941, 34.944, 34.946, 34.949, 34.951, 34.954, 34.956, 34.959, 34.96, 34.963, 34.975, 34.982, 34.987, 34.991]}, "surface": {"temperature": 29.93, "salinity": 36.53}, "n_levels": 491, "maxDepth": 1399.1, "d26": 44.0, "mld": 35, "profile_cycle": 14}}, {"type": "Feature", "geometry": {"type": "Point", "coordinates": [-80.2301, 20.0077]}, "properties": {"platform": "3902726", "time": "2026-10-03T06:52:44Z", "cycle": "75", "profile_time": "2026-10-03T06:52:44Z", "profile": {"depth": [0, 5, 10, 15, 20, 25, 30, 35, 40, 45, 50, 55, 60, 65, 70, 75, 80, 85, 90, 95, 100, 105, 110, 115, 120, 125, 130, 135, 140, 145, 150, 155, 160, 165, 170, 175, 180, 185, 190, 195, 200, 205, 210, 215, 220, 225, 230, 235, 240, 245, 250, 255, 260, 265, 270, 275, 280, 285, 290, 295, 300, 320, 340, 360, 380, 400, 420, 440, 460, 480, 500, 520, 540, 560, 580, 600, 620, 640, 660, 680, 700, 720, 740, 760, 780, 800, 820, 840, 860, 880, 900, 920, 940, 960, 980, 1000], "temperature": [29.96, 29.958, 29.968, 29.971, 29.976, 29.988, 29.994, 30.017, 29.977, 29.913, 29.788, 29.705, 29.637, 29.511, 29.262, 29.065, 29.012, 28.966, 28.909, 28.837, 28.696, 28.544, 28.179, 27.888, 27.822, 27.804, 27.672, 27.401, 27.227, 27.095, 27.025, 26.963, 26.756, 26.343, 25.703, 25.56, 25.302, 25.072, 24.76, 24.081, 23.765, 23.45, 23.146, 22.549, 22.152, 21.765, 21.419, 21.173, 21.008, 20.748, 20.436, 20.142, 20.007, 19.796, 19.581, 19.304, 19.058, 18.908, 18.757, 18.52, 18.23, 17.614, 17.15, 16.916, 16.492, 15.913, 15.254, 14.717, 14.332, 13.603, 13.137, 12.78, 12.368, 11.94, 11.559, 11.274, 10.812, 10.527, 10.057, 9.518, 9.151, 8.636, 8.317, 8.06, 7.617, 7.354, 7.051, 6.792, 6.624, 6.408, 6.13, 5.932, 5.825, 5.703, 5.554, 5.48], "salinity": [36.071, 36.072, 36.086, 36.089, 36.094, 36.103, 36.119, 36.176, 36.197, 36.194, 36.194, 36.199, 36.218, 36.245, 36.263, 36.271, 36.271, 36.278, 36.284, 36.289, 36.298, 36.306, 36.359, 36.418, 36.43, 36.428, 36.442, 36.509, 36.553, 36.584, 36.601, 36.611, 36.632, 36.687, 36.792, 36.809, 36.835, 36.858, 36.891, 36.94, 36.952, 36.959, 36.956, 36.944, 36.925, 36.904, 36.882, 36.862, 36.848, 36.825, 36.796, 36.764, 36.746, 36.721, 36.693, 36.658, 36.626, 36.605, 36.587, 36.554, 36.503, 36.403, 36.329, 36.288, 36.214, 36.112, 36.001, 35.923, 35.868, 35.729, 35.643, 35.584, 35.519, 35.451, 35.396, 35.374, 35.3, 35.28, 35.217, 35.141, 35.088, 35.02, 34.995, 34.978, 34.936, 34.916, 34.888, 34.878, 34.884, 34.896, 34.902, 34.907, 34.911, 34.914, 34.921, 34.926]}, "surface": {"temperature": 29.963, "salinity": 36.078}, "n_levels": 506, "maxDepth": 1001.4, "d26": 167.7, "mld": 70, "profile_cycle": 75}}, {"type": "Feature", "geometry": {"type": "Point", "coordinates": [-91.9101, 25.1562]}, "properties": {"platform": "3902797", "time": "2026-10-03T12:24:05Z", "cycle": "61", "profile_time": "2026-10-03T12:24:05Z", "profile": {"depth": [0, 5, 10, 15, 20, 25, 30, 35, 40, 45, 50, 55, 60, 65, 70, 75, 80, 85, 90, 95, 100, 105, 110, 115, 120, 125, 130, 135, 140, 145, 150, 155, 160, 165, 170, 175, 180, 185, 190, 195, 200, 205, 210, 215, 220, 225, 230, 235, 240, 245, 250, 255, 260, 265, 270, 275, 280, 285, 290, 295, 300, 320, 340, 360, 380, 400, 420, 440, 460, 480, 500, 520, 540, 560, 580, 600, 620, 640, 660, 680, 700, 720, 740, 760, 780, 800, 820, 840, 860, 880, 900, 920, 940, 960, 980, 1000, 1020], "temperature": [30.455, 30.472, 30.471, 30.491, 30.498, 30.502, 30.506, 30.511, 30.513, 30.52, 30.112, 27.901, 26.759, 26.236, 25.792, 25.172, 24.633, 24.274, 24.041, 23.602, 23.16, 22.7, 22.357, 21.889, 21.403, 20.91, 20.65, 20.426, 20.218, 19.904, 19.55, 19.194, 18.937, 18.676, 18.45, 18.269, 18.013, 17.709, 17.575, 17.365, 17.134, 16.98, 16.835, 16.665, 16.485, 16.23, 16.104, 15.868, 15.669, 15.448, 15.207, 15.013, 14.83, 14.588, 14.349, 14.149, 13.98, 13.808, 13.608, 13.42, 13.007, 12.508, 11.948, 11.572, 11.046, 10.625, 10.232, 9.898, 9.551, 9.143, 8.874, 8.661, 8.444, 8.268, 7.975, 7.665, 7.437, 7.194, 6.979, 6.844, 6.703, 6.504, 6.314, 6.173, 6.046, 5.976, 5.857, 5.754, 5.683, 5.581, 5.476, 5.391, 5.311, 5.224, 5.144, 5.046, 5.005], "salinity": [36.849, 36.843, 36.842, 36.85, 36.853, 36.855, 36.858, 36.86, 36.861, 36.867, 36.843, 36.703, 36.692, 36.684, 36.685, 36.68, 36.679, 36.679, 36.679, 36.645, 36.612, 36.633, 36.675, 36.669, 36.665, 36.689, 36.673, 36.66, 36.687, 36.675, 36.634, 36.583, 36.555, 36.521, 36.49, 36.471, 36.429, 36.38, 36.364, 36.335, 36.296, 36.27, 36.245, 36.218, 36.194, 36.157, 36.135, 36.102, 36.068, 36.035, 35.997, 35.962, 35.935, 35.898, 35.861, 35.829, 35.803, 35.775, 35.747, 35.719, 35.654, 35.577, 35.487, 35.43, 35.346, 35.288, 35.235, 35.192, 35.153, 35.102, 35.07, 35.049, 35.03, 35.018, 34.994, 34.969, 34.953, 34.942, 34.932, 34.927, 34.924, 34.919, 34.917, 34.917, 34.917, 34.918, 34.92, 34.922, 34.923, 34.925, 34.928, 34.93, 34.933, 34.935, 34.938, 34.941, 34.943]}, "surface": {"temperature": 30.47, "salinity": 36.844}, "n_levels": 512, "maxDepth": 1013.6, "d26": 67.7, "mld": 55, "profile_cycle": 61}}, {"type": "Feature", "geometry": {"type": "Point", "coordinates": [-91.2948, 24.6437]}, "properties": {"platform": "4902915", "time": "2026-10-02T05:16:38Z", "cycle": "686"}}, {"type": "Feature", "geometry": {"type": "Point", "coordinates": [-92.4604, 25.2011]}, "properties": {"platform": "4903248", "time": "2026-09-22T03:12:32Z", "cycle": "515", "profile_time": "2026-09-22T03:12:32Z", "profile": {"depth": [0, 5, 10, 15, 20, 25, 30, 35, 40, 45, 50, 55, 60, 65, 70, 75, 80, 85, 90, 95, 100, 105, 110, 115, 120, 125, 130, 135, 140, 145, 150, 155, 160, 165, 170, 175, 180, 185, 190, 195, 200, 205, 210, 215, 220, 225, 230, 235, 270, 275, 280, 285, 290, 295, 300, 320, 340, 360, 380, 400, 420, 460, 480, 500, 520, 540, 560, 580, 600, 620, 660, 680, 700, 720, 740, 800, 820, 840, 860, 880, 920, 1020, 1040, 1160, 1180, 1200, 1220, 1240, 1260, 1320, 1340, 1360, 1380, 1420, 1460, 1480, 1520, 1540, 1560, 1580, 1600, 1620, 1640, 1660, 1680, 1700, 1720, 1740, 1760, 1780, 1800, 1820, 1840, 1860, 1880, 1900, 1920, 1940, 1960, 1980, 2000], "temperature": [30.74, 30.749, 30.744, 30.737, 30.706, 30.634, 30.647, 30.544, 29.822, 28.505, 26.632, 25.596, 24.84, 24.548, 24.107, 23.663, 23.294, 22.709, 22.133, 21.876, 21.368, 20.967, 20.582, 20.186, 19.878, 19.705, 19.397, 19.032, 18.606, 18.246, 18.058, 17.918, 17.629, 17.308, 17.065, 16.723, 16.556, 16.452, 16.079, 15.752, 15.417, 15.039, 14.793, 14.538, 14.347, 14.214, 14.029, 13.83, 12.731, 12.66, 12.523, 12.431, 12.306, 12.181, 11.915, 11.336, 11.026, 10.357, 10.158, 10.011, 9.548, 8.885, 8.676, 8.26, 7.827, 7.595, 7.489, 7.281, 7.005, 6.847, 6.515, 6.34, 6.162, 5.995, 5.913, 5.622, 5.456, 5.334, 5.326, 5.207, 5.037, 4.753, 4.697, 4.493, 4.452, 4.429, 4.41, 4.397, 4.383, 4.354, 4.345, 4.335, 4.332, 4.324, 4.312, 4.308, 4.301, 4.3, 4.297, 4.296, 4.294, 4.292, 4.29, 4.29, 4.288, 4.288, 4.286, 4.286, 4.285, 4.285, 4.285, 4.285, 4.286, 4.286, 4.286, 4.287, 4.288, 4.289, 4.289, 4.29, 4.29], "salinity": [36.549, 36.549, 36.551, 36.553, 36.561, 36.599, 36.634, 36.666, 36.654, 36.602, 36.599, 36.611, 36.596, 36.664, 36.646, 36.614, 36.612, 36.585, 36.591, 36.591, 36.583, 36.566, 36.571, 36.583, 36.585, 36.588, 36.558, 36.517, 36.478, 36.443, 36.428, 36.406, 36.363, 36.314, 36.277, 36.227, 36.199, 36.179, 36.124, 36.075, 36.02, 35.963, 35.924, 35.885, 35.855, 35.832, 35.805, 35.772, 35.637, 35.587, 35.565, 35.55, 35.533, 35.517, 35.476, 35.386, 35.351, 35.255, 35.226, 35.212, 35.168, 35.081, 35.055, 35.019, 34.977, 34.954, 34.945, 34.939, 34.937, 34.92, 34.913, 34.913, 34.912, 34.904, 34.913, 34.933, 34.915, 34.916, 34.927, 34.931, 34.95, 34.957, 34.949, 34.949, 34.963, 34.963, 34.962, 34.961, 34.96, 34.977, 34.965, 34.977, 34.968, 34.959, 34.967, 34.967, 34.967, 34.968, 34.972, 34.949, 34.969, 34.969, 34.969, 34.969, 34.969, 34.969, 34.97, 34.97, 34.97, 34.97, 34.97, 34.968, 34.97, 34.969, 34.97, 34.973, 34.97, 34.97, 34.971, 34.971, 34.971]}, "surface": {"temperature": 30.745, "salinity": 36.55}, "n_levels": 473, "maxDepth": 2007.6, "d26": 53.1, "mld": 40, "profile_cycle": 515}}, {"type": "Feature", "geometry": {"type": "Point", "coordinates": [-86.8981, 28.8835]}, "properties": {"platform": "4903278", "time": "2026-10-05T10:57:41Z", "cycle": "469"}}, {"type": "Feature", "geometry": {"type": "Point", "coordinates": [-87.1135, 24.3558]}, "properties": {"platform": "4903279", "time": "2026-10-05T19:10:48Z", "cycle": "462", "profile_time": "2026-10-05T19:10:48Z", "profile": {"depth": [0, 5, 10, 15, 20, 25, 30, 35, 40, 45, 50, 55, 60, 65, 70, 75, 80, 85, 90, 95, 100, 105, 110, 115, 120, 125, 130, 135, 140, 145, 150, 155, 160, 165, 170, 175, 180, 185, 190, 195, 200, 205, 210, 215, 220, 225, 230, 235, 240, 245, 250, 255, 260, 265, 270, 275, 280, 285, 290, 295, 300, 320, 340, 360, 380, 400, 420, 440, 460, 480, 500, 520, 540, 560, 580, 600, 620, 640, 660, 680, 700, 720, 740, 760, 780, 800, 820, 840, 860, 880, 900, 920, 940, 960, 980, 1000, 1020, 1040, 1060, 1080, 1100, 1120, 1140, 1160, 1180, 1200, 1220, 1240, 1260, 1280, 1300, 1320, 1340, 1360, 1380, 1400], "temperature": [29.719, 29.578, 29.514, 29.506, 29.495, 29.462, 29.418, 29.334, 29.254, 29.163, 29.096, 29.026, 28.96, 28.812, 28.657, 28.522, 28.41, 28.29, 28.164, 28.026, 27.913, 27.808, 27.744, 27.602, 27.189, 26.983, 26.417, 26.042, 25.433, 24.452, 24.234, 24.166, 23.994, 23.73, 23.5, 22.883, 22.472, 22.072, 21.814, 21.588, 21.226, 21.042, 20.893, 20.601, 20.259, 20.042, 19.856, 19.677, 19.546, 19.492, 19.287, 19.209, 19.045, 18.907, 18.685, 18.438, 18.257, 18.104, 17.836, 17.734, 17.464, 16.966, 16.099, 15.322, 14.736, 14.038, 13.394, 12.897, 12.546, 12.033, 11.595, 11.318, 10.873, 10.368, 10.089, 9.77, 9.459, 8.958, 8.707, 8.469, 8.152, 7.793, 7.307, 7.074, 6.981, 6.887, 6.79, 6.699, 6.601, 6.487, 6.424, 6.328, 6.157, 6.004, 5.908, 5.791, 5.715, 5.593, 5.491, 5.292, 5.073, 4.963, 4.882, 4.763, 4.713, 4.659, 4.6, 4.563, 4.547, 4.525, 4.484, 4.439, 4.414, 4.394, 4.353, 4.303], "salinity": [36.222, 36.217, 36.218, 36.219, 36.22, 36.224, 36.238, 36.251, 36.256, 36.26, 36.265, 36.267, 36.266, 36.276, 36.286, 36.297, 36.317, 36.337, 36.339, 36.358, 36.375, 36.396, 36.408, 36.434, 36.51, 36.553, 36.648, 36.728, 36.815, 36.912, 36.922, 36.923, 36.93, 36.944, 36.944, 36.94, 36.923, 36.904, 36.871, 36.849, 36.821, 36.791, 36.774, 36.749, 36.738, 36.724, 36.699, 36.674, 36.656, 36.652, 36.63, 36.618, 36.598, 36.578, 36.549, 36.514, 36.486, 36.462, 36.421, 36.401, 36.358, 36.273, 36.125, 35.996, 35.899, 35.783, 35.675, 35.595, 35.54, 35.459, 35.391, 35.349, 35.29, 35.228, 35.202, 35.164, 35.122, 35.064, 35.042, 35.016, 34.991, 34.963, 34.924, 34.915, 34.915, 34.912, 34.909, 34.908, 34.906, 34.905, 34.905, 34.905, 34.906, 34.908, 34.909, 34.912, 34.913, 34.916, 34.919, 34.924, 34.931, 34.935, 34.938, 34.942, 34.944, 34.946, 34.949, 34.95, 34.951, 34.951, 34.954, 34.956, 34.957, 34.958, 34.96, 34.963]}, "surface": {"temperature": 29.574, "salinity": 36.218}, "n_levels": 710, "maxDepth": 1409.1, "d26": 135.3, "mld": 45, "profile_cycle": 462}}, {"type": "Feature", "geometry": {"type": "Point", "coordinates": [-88.6145, 28.2062]}, "properties": {"platform": "4903353", "time": "2026-10-03T04:26:35Z", "cycle": "411"}}, {"type": "Feature", "geometry": {"type": "Point", "coordinates": [-91.4367, 25.8756]}, "properties": {"platform": "4903356", "time": "2026-10-02T09:45:35Z", "cycle": "403", "profile_time": "2026-10-02T09:45:35Z", "profile": {"depth": [0, 5, 10, 15, 20, 25, 30, 35, 40, 45, 50, 55, 60, 65, 70, 75, 80, 85, 90, 95, 100, 105, 110, 115, 120, 125, 130, 135, 140, 145, 150, 155, 160, 165, 170, 175, 180, 185, 190, 195, 200, 205, 210, 215, 220, 225, 230, 235, 240, 245, 250, 255, 260, 265, 270, 275, 280, 285, 290, 295, 300, 320, 340, 360, 380, 400, 420, 440, 460, 480, 500, 520, 540, 560, 580, 600, 620, 640, 660, 680, 700, 720, 740, 760, 780, 800, 820, 840, 860, 880, 900, 920, 940, 960, 980, 1000, 1020, 1040, 1060, 1080, 1100, 1120, 1140, 1160, 1180, 1200, 1220, 1240, 1260, 1280, 1300, 1320, 1340, 1360, 1380, 1400, 1420, 1440, 1460, 1480, 1500, 1520, 1540, 1560, 1580, 1600, 1620, 1640, 1660, 1680, 1700, 1720, 1740, 1760, 1780, 1800, 1820, 1840, 1860, 1880, 1900, 1920, 1940, 1960, 1980, 2000], "temperature": [30.002, 30.011, 30.015, 30.014, 29.949, 29.776, 29.639, 29.226, 29.008, 28.817, 28.656, 28.567, 28.299, 28.096, 27.977, 27.625, 27.38, 27.118, 26.973, 26.604, 26.048, 25.599, 25.117, 24.283, 23.924, 23.485, 22.989, 22.481, 22.186, 21.733, 21.269, 20.977, 20.724, 20.222, 19.87, 19.58, 19.42, 19.303, 18.958, 18.705, 18.509, 18.245, 18.067, 17.771, 17.485, 17.177, 16.948, 16.723, 16.554, 16.348, 16.085, 15.793, 15.595, 15.445, 15.234, 15.071, 14.858, 14.683, 14.5, 14.393, 14.196, 13.672, 13.104, 12.551, 12.05, 11.534, 11.066, 10.668, 10.271, 9.958, 9.616, 9.291, 8.952, 8.574, 8.274, 8.037, 7.782, 7.542, 7.266, 7.103, 6.92, 6.779, 6.605, 6.447, 6.313, 6.176, 6.04, 5.9, 5.742, 5.615, 5.514, 5.438, 5.387, 5.32, 5.249, 5.175, 5.097, 5.01, 4.932, 4.838, 4.753, 4.683, 4.627, 4.599, 4.579, 4.544, 4.523, 4.493, 4.469, 4.446, 4.425, 4.403, 4.391, 4.377, 4.365, 4.358, 4.348, 4.339, 4.334, 4.329, 4.326, 4.321, 4.319, 4.316, 4.313, 4.31, 4.308, 4.305, 4.304, 4.302, 4.301, 4.301, 4.3, 4.299, 4.297, 4.297, 4.297, 4.297, 4.297, 4.296, 4.296, 4.296, 4.296, 4.296, 4.297, 4.297], "salinity": [36.261, 36.261, 36.261, 36.26, 36.257, 36.257, 36.285, 36.263, 36.281, 36.311, 36.325, 36.343, 36.336, 36.404, 36.456, 36.464, 36.505, 36.544, 36.567, 36.597, 36.639, 36.736, 36.762, 36.689, 36.688, 36.674, 36.64, 36.634, 36.659, 36.668, 36.668, 36.665, 36.672, 36.651, 36.62, 36.603, 36.593, 36.584, 36.548, 36.518, 36.499, 36.466, 36.442, 36.401, 36.358, 36.316, 36.279, 36.245, 36.219, 36.187, 36.145, 36.1, 36.068, 36.044, 36.01, 35.984, 35.951, 35.921, 35.893, 35.876, 35.846, 35.765, 35.677, 35.592, 35.516, 35.439, 35.372, 35.316, 35.262, 35.223, 35.176, 35.14, 35.097, 35.056, 35.026, 35.007, 34.984, 34.962, 34.943, 34.939, 34.931, 34.929, 34.924, 34.92, 34.918, 34.918, 34.92, 34.921, 34.925, 34.927, 34.93, 34.933, 34.934, 34.936, 34.938, 34.94, 34.942, 34.945, 34.948, 34.951, 34.955, 34.957, 34.96, 34.961, 34.962, 34.963, 34.964, 34.966, 34.967, 34.968, 34.969, 34.97, 34.97, 34.971, 34.972, 34.972, 34.972, 34.973, 34.973, 34.973, 34.974, 34.974, 34.974, 34.974, 34.975, 34.975, 34.975, 34.975, 34.975, 34.976, 34.976, 34.976, 34.976, 34.976, 34.976, 34.976, 34.976, 34.977, 34.977, 34.977, 34.977, 34.977, 34.977, 34.977, 34.978, 34.978]}, "surface": {"temperature": 30.01, "salinity": 36.261}, "n_levels": 1009, "maxDepth": 2005.9, "d26": 100.5, "mld": 35, "profile_cycle": 403}}, {"type": "Feature", "geometry": {"type": "Point", "coordinates": [-87.0736, 26.0234]}, "properties": {"platform": "4903466", "time": "2026-10-01T18:38:17Z", "cycle": "310", "profile_time": "2026-10-01T18:38:17Z", "profile": {"depth": [0, 5, 10, 15, 20, 25, 30, 35, 40, 45, 50, 55, 60, 65, 70, 75, 80, 85, 90, 95, 100, 105, 110, 115, 120, 125, 130, 135, 140, 145, 150, 155, 160, 165, 170, 175, 180, 185, 190, 195, 200, 205, 210, 215, 220, 225, 230, 235, 240, 245, 250, 255, 260, 265, 270, 275, 280, 285, 290, 295, 300, 320, 340, 360, 380, 400, 420, 440, 460, 480, 500, 520, 540, 560, 580, 600, 620, 640, 660, 680, 700, 720, 740, 760, 780, 800, 820, 840, 860, 880, 900, 920, 940, 960, 980, 1000, 1020, 1040, 1060, 1080, 1100, 1120, 1140, 1160, 1180, 1200, 1220, 1240, 1260, 1280, 1300, 1320, 1340, 1360, 1380, 1400, 1420, 1440, 1460, 1480, 1500, 1520, 1540, 1560, 1580, 1600, 1620, 1640, 1660, 1680, 1700, 1720, 1740, 1760, 1780, 1800, 1820, 1840, 1860, 1880, 1900, 1920, 1940, 1960, 1980, 2000], "temperature": [29.785, 29.772, 29.738, 29.723, 29.71, 29.698, 29.684, 29.662, 29.536, 29.181, 28.936, 28.72, 28.717, 28.62, 28.539, 28.338, 28.158, 28.122, 28.024, 27.754, 27.544, 27.316, 27.039, 26.782, 26.557, 25.976, 25.51, 24.685, 24.093, 23.836, 23.358, 23.093, 22.693, 21.926, 21.525, 21.239, 20.436, 20.031, 19.763, 19.278, 18.875, 18.611, 18.352, 18.12, 17.879, 17.654, 17.459, 17.117, 16.938, 16.703, 16.588, 16.398, 16.291, 16.162, 16.08, 16.047, 16.012, 15.755, 15.234, 14.966, 14.624, 14.114, 13.796, 13.454, 13.149, 12.784, 12.382, 12.068, 11.831, 11.367, 10.837, 10.396, 10.053, 9.67, 9.285, 8.943, 8.58, 8.232, 7.925, 7.6, 7.4, 7.178, 6.993, 6.751, 6.598, 6.508, 6.366, 6.222, 6.08, 5.958, 5.824, 5.699, 5.598, 5.514, 5.434, 5.362, 5.274, 5.169, 5.086, 5.009, 4.928, 4.852, 4.791, 4.749, 4.7, 4.658, 4.628, 4.59, 4.563, 4.538, 4.511, 4.491, 4.474, 4.452, 4.433, 4.415, 4.405, 4.393, 4.385, 4.378, 4.371, 4.365, 4.361, 4.355, 4.355, 4.348, 4.34, 4.335, 4.331, 4.327, 4.325, 4.323, 4.321, 4.319, 4.316, 4.315, 4.314, 4.313, 4.311, 4.311, 4.311, 4.311, 4.311, 4.31, 4.31, 4.309], "salinity": [36.328, 36.327, 36.324, 36.323, 36.321, 36.319, 36.318, 36.316, 36.305, 36.282, 36.269, 36.284, 36.341, 36.356, 36.359, 36.38, 36.406, 36.413, 36.424, 36.448, 36.467, 36.507, 36.524, 36.546, 36.567, 36.639, 36.642, 36.691, 36.748, 36.767, 36.782, 36.787, 36.868, 36.779, 36.707, 36.697, 36.643, 36.634, 36.631, 36.611, 36.565, 36.523, 36.458, 36.409, 36.396, 36.38, 36.338, 36.284, 36.252, 36.206, 36.189, 36.16, 36.146, 36.129, 36.117, 36.111, 36.102, 36.061, 35.974, 35.933, 35.875, 35.787, 35.737, 35.684, 35.633, 35.574, 35.504, 35.457, 35.432, 35.37, 35.296, 35.233, 35.188, 35.14, 35.094, 35.054, 35.015, 34.983, 34.964, 34.939, 34.927, 34.92, 34.916, 34.909, 34.907, 34.906, 34.905, 34.904, 34.905, 34.907, 34.91, 34.912, 34.915, 34.917, 34.919, 34.922, 34.924, 34.928, 34.93, 34.933, 34.936, 34.938, 34.941, 34.943, 34.945, 34.947, 34.948, 34.949, 34.951, 34.952, 34.953, 34.954, 34.954, 34.956, 34.956, 34.957, 34.958, 34.958, 34.959, 34.959, 34.959, 34.96, 34.96, 34.96, 34.96, 34.961, 34.961, 34.962, 34.962, 34.962, 34.962, 34.963, 34.963, 34.963, 34.963, 34.964, 34.964, 34.964, 34.964, 34.964, 34.964, 34.964, 34.964, 34.964, 34.964, 34.964]}, "surface": {"temperature": 29.759, "salinity": 36.326}, "n_levels": 1008, "maxDepth": 2005.4, "d26": 124.8, "mld": 45, "profile_cycle": 310}}, {"type": "Feature", "geometry": {"type": "Point", "coordinates": [-93.0878, 26.6445]}, "properties": {"platform": "4903468", "time": "2026-10-03T14:27:22Z", "cycle": "292", "profile_time": "2026-10-03T14:27:22Z", "profile": {"depth": [0, 5, 10, 15, 20, 25, 30, 35, 40, 45, 50, 55, 60, 65, 70, 75, 80, 85, 90, 95, 100, 105, 110, 115, 120, 125, 130, 135, 140, 145, 150, 155, 160, 165, 170, 175, 180, 185, 190, 195, 200, 205, 210, 215, 220, 225, 230, 235, 240, 245, 250, 255, 260, 265, 270, 275, 280, 285, 290, 295, 300, 320, 340, 360, 380, 400, 420, 440, 460, 480, 500, 520, 540, 560, 580, 600, 620, 640, 660, 680, 700, 720, 740, 760, 780, 800, 820, 840, 860, 880, 900, 920, 940, 960, 980, 1000, 1020, 1040, 1060, 1080, 1100, 1120, 1140, 1160, 1180, 1200, 1220, 1240, 1260, 1280, 1300, 1320, 1340, 1360, 1380, 1400, 1420, 1440, 1460, 1480, 1500, 1520, 1540, 1560, 1580, 1600], "temperature": [29.91, 29.908, 29.907, 29.907, 29.908, 29.387, 26.855, 25.834, 24.86, 24.2, 23.74, 23.138, 22.568, 21.828, 20.905, 20.242, 19.716, 19.137, 18.771, 18.445, 18.211, 18.017, 17.82, 17.542, 17.3, 17.054, 16.839, 16.615, 16.385, 16.155, 15.834, 15.517, 15.291, 15.104, 14.939, 14.767, 14.616, 14.471, 14.303, 14.119, 13.9, 13.732, 13.505, 13.325, 13.123, 12.992, 12.84, 12.684, 12.56, 12.438, 12.285, 12.187, 12.062, 11.974, 11.878, 11.774, 11.647, 11.517, 11.386, 11.253, 11.066, 10.72, 10.367, 9.925, 9.589, 9.242, 8.947, 8.62, 8.315, 8.066, 7.865, 7.645, 7.432, 7.217, 7.018, 6.864, 6.687, 6.493, 6.347, 6.179, 6.035, 5.936, 5.841, 5.732, 5.646, 5.556, 5.448, 5.353, 5.256, 5.197, 5.143, 5.078, 4.978, 4.9, 4.842, 4.765, 4.693, 4.654, 4.607, 4.568, 4.534, 4.5, 4.485, 4.463, 4.437, 4.42, 4.403, 4.386, 4.367, 4.358, 4.349, 4.334, 4.325, 4.321, 4.31, 4.298, 4.288, 4.283, 4.278, 4.271, 4.264, 4.262, 4.257, 4.257, 4.258, 4.259], "salinity": [36.435, 36.435, 36.435, 36.435, 36.432, 36.437, 36.532, 36.558, 36.639, 36.636, 36.623, 36.618, 36.638, 36.599, 36.597, 36.565, 36.519, 36.51, 36.485, 36.45, 36.424, 36.397, 36.368, 36.33, 36.294, 36.258, 36.225, 36.191, 36.158, 36.118, 36.066, 36.02, 35.99, 35.96, 35.936, 35.907, 35.884, 35.864, 35.83, 35.802, 35.768, 35.741, 35.706, 35.677, 35.648, 35.631, 35.604, 35.582, 35.565, 35.544, 35.524, 35.509, 35.491, 35.478, 35.463, 35.448, 35.428, 35.409, 35.389, 35.371, 35.343, 35.295, 35.249, 35.191, 35.146, 35.103, 35.07, 35.034, 35.001, 34.979, 34.962, 34.945, 34.931, 34.919, 34.911, 34.907, 34.902, 34.899, 34.9, 34.9, 34.902, 34.904, 34.905, 34.908, 34.91, 34.912, 34.914, 34.917, 34.92, 34.923, 34.925, 34.926, 34.929, 34.933, 34.935, 34.938, 34.941, 34.942, 34.944, 34.946, 34.948, 34.949, 34.95, 34.951, 34.952, 34.953, 34.954, 34.955, 34.956, 34.956, 34.957, 34.957, 34.958, 34.958, 34.959, 34.959, 34.96, 34.961, 34.961, 34.962, 34.962, 34.962, 34.963, 34.963, 34.963, 34.963]}, "surface": {"temperature": 29.908, "salinity": 36.435}, "n_levels": 803, "maxDepth": 1595.2, "d26": 34.2, "mld": 25, "profile_cycle": 292}}, {"type": "Feature", "geometry": {"type": "Point", "coordinates": [-86.6708, 25.2408]}, "properties": {"platform": "4903471", "time": "2026-10-02T05:31:44Z", "cycle": "289", "profile_time": "2026-10-02T05:31:44Z", "profile": {"depth": [0, 5, 10, 15, 20, 25, 30, 35, 40, 45, 50, 55, 60, 65, 70, 75, 80, 85, 90, 95, 100, 105, 110, 115, 120, 125, 130, 135, 140, 145, 150, 155, 160, 165, 170, 175, 180, 185, 190, 195, 200, 205, 210, 215, 220, 225, 230, 235, 240, 245, 250, 255, 260, 265, 270, 275, 280, 285, 290, 295, 300, 320, 340, 360, 380, 400, 420, 440, 460, 480, 500, 520, 540, 560, 580, 600, 620, 640, 660, 680, 700, 720, 740, 760, 780, 800, 820, 840, 860, 880, 900, 920, 940, 960, 980, 1000, 1020, 1040, 1060, 1080, 1100, 1120, 1140, 1160, 1180, 1200, 1220, 1240, 1260, 1280, 1300, 1320, 1340, 1360, 1380, 1400, 1420, 1440, 1460, 1480, 1500, 1520, 1540, 1560, 1580, 1600, 1620, 1640, 1660, 1680, 1700, 1720, 1740, 1760, 1780, 1800, 1820, 1840, 1860, 1880, 1900, 1920, 1940, 1960, 1980, 2000, 2020], "temperature": [29.909, 29.911, 29.911, 29.912, 29.915, 29.913, 29.914, 29.918, 29.928, 29.935, 29.758, 29.374, 29.21, 29.059, 28.957, 28.791, 28.574, 28.401, 28.242, 28.072, 27.876, 27.7, 27.537, 27.466, 27.337, 27.148, 26.98, 26.757, 26.531, 26.298, 26.094, 25.809, 25.524, 25.134, 24.787, 24.395, 23.953, 23.566, 23.234, 22.801, 22.293, 22.049, 21.842, 21.651, 21.455, 21.29, 21.11, 20.975, 20.618, 20.244, 19.98, 19.84, 19.606, 19.404, 19.172, 19.001, 18.854, 18.733, 18.676, 18.568, 18.358, 17.967, 17.508, 17.126, 16.549, 15.961, 15.465, 14.828, 14.11, 13.516, 13.083, 12.679, 11.93, 11.513, 11.254, 10.988, 10.75, 10.476, 10.272, 10.074, 9.902, 9.656, 9.435, 9.092, 8.746, 8.301, 8.07, 7.73, 7.386, 7.05, 6.913, 6.729, 6.585, 6.465, 6.331, 6.136, 5.948, 5.81, 5.657, 5.548, 5.444, 5.346, 5.265, 5.172, 5.098, 4.995, 4.924, 4.839, 4.76, 4.704, 4.651, 4.602, 4.561, 4.523, 4.497, 4.478, 4.459, 4.445, 4.427, 4.412, 4.404, 4.392, 4.383, 4.376, 4.365, 4.358, 4.352, 4.348, 4.345, 4.341, 4.336, 4.329, 4.326, 4.324, 4.321, 4.319, 4.317, 4.315, 4.314, 4.313, 4.312, 4.311, 4.311, 4.312, 4.311, 4.311, 4.311], "salinity": [36.281, 36.282, 36.281, 36.282, 36.282, 36.281, 36.282, 36.284, 36.29, 36.296, 36.283, 36.276, 36.281, 36.284, 36.289, 36.298, 36.313, 36.32, 36.335, 36.356, 36.384, 36.409, 36.427, 36.454, 36.47, 36.497, 36.537, 36.59, 36.63, 36.674, 36.709, 36.752, 36.791, 36.843, 36.87, 36.896, 36.915, 36.922, 36.926, 36.92, 36.91, 36.892, 36.877, 36.864, 36.848, 36.837, 36.822, 36.807, 36.766, 36.744, 36.713, 36.695, 36.67, 36.642, 36.616, 36.595, 36.574, 36.557, 36.546, 36.532, 36.499, 36.44, 36.364, 36.299, 36.203, 36.099, 36.018, 35.918, 35.797, 35.7, 35.629, 35.568, 35.457, 35.402, 35.366, 35.331, 35.298, 35.261, 35.233, 35.207, 35.185, 35.154, 35.125, 35.08, 35.034, 34.976, 34.962, 34.934, 34.903, 34.895, 34.912, 34.912, 34.912, 34.908, 34.911, 34.906, 34.905, 34.913, 34.922, 34.925, 34.928, 34.931, 34.933, 34.936, 34.938, 34.942, 34.945, 34.948, 34.951, 34.953, 34.955, 34.957, 34.959, 34.961, 34.962, 34.963, 34.964, 34.964, 34.965, 34.966, 34.967, 34.967, 34.968, 34.968, 34.969, 34.969, 34.969, 34.97, 34.97, 34.97, 34.97, 34.971, 34.971, 34.971, 34.971, 34.971, 34.972, 34.972, 34.972, 34.972, 34.972, 34.972, 34.973, 34.973, 34.973, 34.973, 34.973]}, "surface": {"temperature": 29.911, "salinity": 36.281}, "n_levels": 1012, "maxDepth": 2013.1, "d26": 151.6, "mld": 55, "profile_cycle": 289}}, {"type": "Feature", "geometry": {"type": "Point", "coordinates": [-85.4944, 23.6879]}, "properties": {"platform": "4903472", "time": "2026-10-01T15:36:09Z", "cycle": "300", "profile_time": "2026-10-01T15:36:09Z", "profile": {"depth": [0, 5, 10, 15, 20, 25, 30, 35, 40, 45, 50, 55, 60, 65, 70, 75, 80, 85, 90, 95, 100, 105, 110, 115, 120, 125, 130, 135, 140, 145, 150, 155, 160, 165, 170, 175, 180, 185, 190, 195, 200, 205, 210, 215, 220, 225, 230, 235, 240, 245, 250, 255, 260, 265, 270, 275, 280, 285, 290, 295, 300, 320, 340, 360, 380, 400, 420, 440, 460, 480, 500, 520, 540, 560, 580, 600, 620, 640, 660, 680, 700, 720, 740, 760, 780, 800, 820, 840, 860, 880, 900, 920, 940, 960, 980, 1000, 1020, 1040, 1060, 1080, 1100, 1120, 1140, 1160, 1180, 1200, 1220, 1240, 1260, 1280, 1300, 1320, 1340, 1360, 1380, 1400, 1420, 1440, 1460, 1480, 1500, 1520, 1540, 1560, 1580, 1600, 1620, 1640, 1660, 1680, 1700, 1720, 1740, 1760, 1780, 1800, 1820, 1840], "temperature": [29.719, 29.719, 29.719, 29.718, 29.716, 29.717, 29.719, 29.72, 29.722, 29.722, 29.722, 29.721, 29.641, 29.269, 29.14, 29.031, 28.861, 28.771, 28.687, 28.61, 28.556, 28.491, 28.372, 28.26, 28.095, 27.932, 27.799, 27.672, 27.526, 27.358, 27.234, 27.057, 26.817, 26.643, 26.354, 26.059, 25.447, 24.949, 24.237, 23.841, 23.47, 23.205, 22.927, 22.268, 21.904, 21.644, 21.438, 21.247, 21.05, 20.923, 20.743, 20.581, 20.445, 20.35, 20.264, 20.17, 20.119, 20.086, 20.049, 20.013, 19.884, 19.58, 19.33, 18.883, 18.407, 17.735, 17.062, 16.345, 15.656, 15.196, 14.554, 13.92, 13.349, 12.931, 12.29, 11.725, 11.358, 11.119, 10.795, 10.347, 9.965, 9.727, 9.609, 9.404, 9.002, 8.583, 8.361, 8.234, 7.922, 7.771, 7.503, 7.208, 7.039, 6.878, 6.69, 6.494, 6.381, 6.232, 6.113, 6.009, 5.845, 5.695, 5.571, 5.465, 5.336, 5.226, 5.115, 4.985, 4.86, 4.714, 4.6, 4.537, 4.461, 4.448, 4.444, 4.437, 4.431, 4.428, 4.427, 4.427, 4.424, 4.422, 4.421, 4.416, 4.403, 4.394, 4.393, 4.391, 4.393, 4.394, 4.392, 4.383, 4.373, 4.367, 4.361, 4.36, 4.36, 4.358], "salinity": [36.312, 36.312, 36.313, 36.313, 36.312, 36.313, 36.313, 36.312, 36.31, 36.294, 36.31, 36.311, 36.31, 36.312, 36.321, 36.321, 36.308, 36.307, 36.32, 36.328, 36.332, 36.343, 36.366, 36.363, 36.372, 36.399, 36.427, 36.454, 36.47, 36.498, 36.52, 36.555, 36.611, 36.648, 36.681, 36.715, 36.762, 36.834, 36.887, 36.914, 36.925, 36.918, 36.906, 36.888, 36.878, 36.868, 36.854, 36.837, 36.817, 36.805, 36.789, 36.773, 36.763, 36.753, 36.741, 36.73, 36.725, 36.721, 36.717, 36.712, 36.699, 36.662, 36.633, 36.575, 36.503, 36.401, 36.286, 36.167, 36.055, 35.975, 35.861, 35.758, 35.669, 35.599, 35.493, 35.407, 35.374, 35.336, 35.29, 35.23, 35.173, 35.14, 35.129, 35.104, 35.051, 35.012, 34.995, 34.991, 34.962, 34.961, 34.936, 34.92, 34.92, 34.917, 34.916, 34.915, 34.915, 34.915, 34.916, 34.918, 34.92, 34.924, 34.927, 34.929, 34.934, 34.937, 34.94, 34.945, 34.949, 34.955, 34.96, 34.962, 34.966, 34.967, 34.966, 34.967, 34.967, 34.967, 34.967, 34.967, 34.967, 34.967, 34.967, 34.968, 34.968, 34.969, 34.969, 34.969, 34.969, 34.969, 34.969, 34.969, 34.97, 34.97, 34.97, 34.97, 34.97, 34.971]}, "surface": {"temperature": 29.719, "salinity": 36.313}, "n_levels": 1066, "maxDepth": 1830.6, "d26": 175.5, "mld": 70, "profile_cycle": 300}}, {"type": "Feature", "geometry": {"type": "Point", "coordinates": [-96.0863, 24.2589]}, "properties": {"platform": "4903543", "time": "2026-10-05T04:52:38Z", "cycle": "242", "profile_time": "2026-10-05T04:52:38Z", "profile": {"depth": [0, 5, 10, 15, 20, 25, 30, 35, 40, 45, 50, 55, 60, 65, 70, 75, 80, 85, 90, 95, 100, 105, 110, 115, 120, 125, 130, 135, 140, 145, 150, 155, 160, 165, 170, 175, 180, 185, 190, 195, 200, 205, 210, 215, 220, 225, 230, 235, 240, 245, 250, 255, 260, 265, 270, 275, 280, 285, 290, 295, 300, 320, 340, 360, 380, 400, 420, 440, 460, 480, 500, 520, 540, 560, 580, 600, 620, 640, 660, 680, 700, 720, 740, 760, 780, 800, 820, 840, 860, 880, 900, 920, 940, 960, 980, 1000, 1020, 1040, 1060, 1080, 1100, 1120, 1140, 1160, 1180, 1200, 1220, 1240, 1260, 1280, 1300, 1320, 1340, 1360, 1380, 1400, 1420, 1440, 1460, 1480, 1500, 1520, 1540, 1560, 1580, 1600, 1620, 1640, 1660, 1680, 1700, 1720, 1740, 1760, 1780, 1800, 1820, 1840, 1860, 1880, 1900, 1920, 1940, 1960, 1980, 2000], "temperature": [30.77, 30.778, 30.786, 30.782, 30.789, 30.794, 30.81, 30.806, 30.632, 28.773, 27.203, 26.402, 25.949, 25.586, 25.28, 24.999, 24.757, 24.574, 24.438, 24.333, 24.255, 24.184, 24.11, 24.047, 23.96, 23.775, 23.562, 23.297, 22.89, 22.49, 22.259, 21.965, 21.99, 21.662, 21.098, 20.651, 20.334, 20.128, 19.849, 19.535, 19.215, 19.004, 18.821, 18.634, 18.395, 18.066, 17.787, 17.585, 17.407, 17.191, 16.986, 16.816, 16.626, 16.481, 16.333, 16.212, 16.057, 15.917, 15.74, 15.558, 15.28, 14.758, 14.056, 13.473, 12.867, 11.897, 11.204, 10.671, 10.296, 10.029, 9.667, 9.412, 9.191, 8.955, 8.682, 8.445, 8.147, 7.881, 7.627, 7.396, 7.177, 6.957, 6.781, 6.611, 6.453, 6.315, 6.185, 6.089, 5.984, 5.85, 5.725, 5.611, 5.555, 5.481, 5.375, 5.295, 5.178, 5.112, 5.049, 4.996, 4.951, 4.901, 4.863, 4.82, 4.796, 4.759, 4.725, 4.685, 4.647, 4.61, 4.573, 4.548, 4.516, 4.476, 4.459, 4.452, 4.436, 4.412, 4.395, 4.383, 4.377, 4.37, 4.36, 4.352, 4.345, 4.337, 4.336, 4.329, 4.323, 4.317, 4.312, 4.306, 4.303, 4.302, 4.303, 4.301, 4.299, 4.29, 4.289, 4.289, 4.289, 4.29, 4.291, 4.291, 4.291, 4.291], "salinity": [36.899, 36.9, 36.901, 36.901, 36.906, 36.907, 36.923, 36.925, 36.907, 36.77, 36.694, 36.695, 36.693, 36.688, 36.685, 36.686, 36.686, 36.684, 36.682, 36.681, 36.685, 36.685, 36.684, 36.681, 36.674, 36.656, 36.637, 36.618, 36.598, 36.594, 36.674, 36.752, 36.878, 36.84, 36.759, 36.712, 36.689, 36.671, 36.647, 36.615, 36.578, 36.551, 36.528, 36.501, 36.472, 36.427, 36.386, 36.356, 36.332, 36.299, 36.268, 36.241, 36.214, 36.191, 36.168, 36.148, 36.125, 36.102, 36.075, 36.048, 36.003, 35.921, 35.811, 35.72, 35.629, 35.487, 35.386, 35.306, 35.257, 35.222, 35.173, 35.141, 35.116, 35.087, 35.058, 35.035, 35.006, 34.984, 34.965, 34.948, 34.935, 34.925, 34.92, 34.915, 34.914, 34.913, 34.913, 34.913, 34.915, 34.917, 34.919, 34.922, 34.923, 34.924, 34.927, 34.93, 34.934, 34.936, 34.938, 34.94, 34.941, 34.944, 34.945, 34.946, 34.947, 34.949, 34.95, 34.952, 34.953, 34.955, 34.956, 34.957, 34.959, 34.961, 34.961, 34.962, 34.962, 34.964, 34.964, 34.965, 34.965, 34.966, 34.966, 34.967, 34.967, 34.968, 34.968, 34.968, 34.969, 34.969, 34.969, 34.97, 34.97, 34.97, 34.97, 34.97, 34.97, 34.971, 34.971, 34.971, 34.971, 34.971, 34.971, 34.971, 34.972, 34.972]}, "surface": {"temperature": 30.78, "salinity": 36.9}, "n_levels": 1010, "maxDepth": 2009.4, "d26": 59.4, "mld": 45, "profile_cycle": 242}}, {"type": "Feature", "geometry": {"type": "Point", "coordinates": [-84.6961, 25.4941]}, "properties": {"platform": "4903544", "time": "2026-10-04T12:17:12Z", "cycle": "242", "profile_time": "2026-10-04T12:17:12Z", "profile": {"depth": [0, 5, 10, 15, 20, 25, 30, 35, 40, 45, 50, 55, 60, 65, 70, 75, 80, 85, 90, 95, 100, 105, 110, 115, 120, 125, 130, 135, 140, 145, 150, 155, 160, 165, 170, 175, 180, 185, 190, 195, 200, 205, 210, 215, 220, 225, 230, 235, 240, 245, 250, 255, 260, 265, 270, 275, 280, 285, 290, 295, 300, 320, 340, 360, 380, 400, 420, 440, 460, 480, 500, 520, 540, 560, 580, 600, 620, 640, 660, 680, 700, 720, 740, 760, 780, 800, 820, 840, 860, 880, 900, 920, 940, 960, 980, 1000, 1020, 1040, 1060, 1080, 1100, 1120, 1140, 1160, 1180, 1200, 1220, 1240, 1260, 1280, 1300, 1320, 1340, 1360, 1380, 1400, 1420, 1440, 1460, 1480, 1500, 1520, 1540, 1560, 1580, 1600, 1620, 1640, 1660, 1680, 1700], "temperature": [29.83, 29.834, 29.887, 29.954, 29.988, 30.003, 30.026, 30.059, 30.085, 29.992, 29.826, 29.093, 28.379, 27.814, 27.137, 26.678, 26.384, 25.951, 25.172, 24.541, 23.957, 23.495, 23.168, 22.831, 22.395, 21.457, 21.214, 20.815, 20.464, 20.056, 19.675, 19.31, 19.027, 18.72, 18.326, 17.963, 17.763, 17.487, 17.322, 17.164, 17.069, 16.929, 16.793, 16.609, 16.35, 16.175, 16.069, 15.876, 15.641, 15.356, 15.112, 15.023, 14.852, 14.643, 14.507, 14.424, 14.236, 13.938, 13.586, 13.422, 13.161, 12.647, 12.233, 11.835, 11.364, 10.939, 10.596, 10.307, 9.994, 9.691, 9.386, 9.131, 8.803, 8.468, 8.118, 7.91, 7.7, 7.441, 7.264, 7.049, 6.885, 6.718, 6.589, 6.507, 6.354, 6.26, 6.202, 6.081, 5.943, 5.849, 5.8, 5.71, 5.674, 5.596, 5.519, 5.449, 5.316, 5.227, 5.125, 5.01, 4.942, 4.868, 4.803, 4.728, 4.687, 4.622, 4.583, 4.55, 4.493, 4.468, 4.456, 4.437, 4.432, 4.427, 4.415, 4.405, 4.4, 4.396, 4.395, 4.395, 4.395, 4.371, 4.355, 4.35, 4.347, 4.344, 4.336, 4.327, 4.319, 4.313, 4.308], "salinity": [36.082, 36.085, 36.134, 36.21, 36.26, 36.287, 36.322, 36.357, 36.386, 36.409, 36.404, 36.403, 36.447, 36.496, 36.535, 36.557, 36.602, 36.63, 36.674, 36.733, 36.767, 36.838, 36.913, 36.914, 36.882, 36.755, 36.749, 36.702, 36.674, 36.636, 36.589, 36.553, 36.528, 36.499, 36.458, 36.414, 36.384, 36.349, 36.322, 36.299, 36.284, 36.262, 36.238, 36.21, 36.168, 36.138, 36.121, 36.088, 36.051, 36.005, 35.963, 35.948, 35.921, 35.886, 35.864, 35.849, 35.819, 35.775, 35.717, 35.69, 35.648, 35.568, 35.503, 35.443, 35.37, 35.306, 35.265, 35.23, 35.184, 35.142, 35.104, 35.077, 35.04, 35.003, 34.966, 34.954, 34.953, 34.94, 34.93, 34.921, 34.915, 34.91, 34.907, 34.906, 34.906, 34.906, 34.906, 34.907, 34.91, 34.912, 34.913, 34.915, 34.916, 34.918, 34.92, 34.923, 34.927, 34.929, 34.932, 34.936, 34.939, 34.941, 34.944, 34.947, 34.949, 34.951, 34.953, 34.954, 34.957, 34.958, 34.958, 34.959, 34.96, 34.96, 34.961, 34.961, 34.961, 34.961, 34.962, 34.962, 34.962, 34.963, 34.963, 34.964, 34.964, 34.964, 34.964, 34.965, 34.965, 34.966, 34.966]}, "surface": {"temperature": 29.86, "salinity": 36.11}, "n_levels": 853, "maxDepth": 1695.4, "d26": 84.4, "mld": 55, "profile_cycle": 242}}, {"type": "Feature", "geometry": {"type": "Point", "coordinates": [-86.4827, 25.9549]}, "properties": {"platform": "4903545", "time": "2026-10-03T02:29:29Z", "cycle": "242", "profile_time": "2026-10-03T02:29:29Z", "profile": {"depth": [0, 5, 10, 15, 20, 25, 30, 35, 40, 45, 50, 55, 60, 65, 70, 75, 80, 85, 90, 95, 100, 105, 110, 115, 120, 125, 130, 135, 140, 145, 150, 155, 160, 165, 170, 175, 180, 185, 190, 195, 200, 205, 210, 215, 220, 225, 230, 235, 240, 245, 250, 255, 260, 265, 270, 275, 280, 285, 290, 295, 300, 320, 340, 360, 380, 400, 420, 440, 460, 480, 500, 520, 540, 560, 580, 600, 620, 640, 660, 680, 700, 720, 740, 760, 780, 800, 820, 840, 860, 880, 900, 920, 940, 960, 980, 1000, 1020, 1040, 1060, 1080, 1100, 1120, 1140, 1160, 1180, 1200, 1220, 1240, 1260, 1280, 1300, 1320, 1340, 1360, 1380, 1400, 1420, 1440, 1460, 1480, 1500, 1520, 1540, 1560, 1580, 1600, 1620, 1640, 1660, 1680, 1700, 1720, 1740, 1760, 1780, 1800, 1820, 1840, 1860, 1880, 1900, 1920, 1940, 1960, 1980, 2000], "temperature": [29.154, 29.155, 29.157, 29.161, 29.164, 29.165, 29.17, 29.169, 29.116, 29.074, 28.928, 28.848, 28.613, 28.538, 28.487, 28.461, 28.27, 28.164, 28.124, 28.081, 28.031, 27.986, 27.871, 27.303, 26.689, 26.002, 25.618, 25.228, 24.739, 23.889, 23.56, 22.98, 22.61, 22.307, 22.02, 21.174, 20.526, 20.274, 19.938, 19.729, 19.547, 19.395, 19.118, 18.927, 18.763, 18.683, 18.531, 18.268, 18.161, 18.076, 17.963, 17.864, 17.67, 17.538, 17.409, 17.312, 17.154, 16.984, 16.827, 16.669, 16.204, 15.592, 14.923, 14.292, 13.555, 13.076, 12.665, 12.142, 11.591, 11.185, 10.772, 10.441, 9.933, 9.728, 9.401, 9.118, 8.953, 8.695, 8.536, 8.355, 8.116, 7.67, 7.311, 7.058, 6.91, 6.713, 6.457, 6.297, 6.242, 6.103, 5.942, 5.819, 5.736, 5.642, 5.544, 5.447, 5.345, 5.256, 5.158, 5.045, 4.944, 4.867, 4.779, 4.724, 4.664, 4.611, 4.561, 4.54, 4.527, 4.493, 4.476, 4.451, 4.427, 4.411, 4.396, 4.389, 4.382, 4.375, 4.365, 4.355, 4.352, 4.347, 4.343, 4.338, 4.334, 4.327, 4.322, 4.319, 4.316, 4.313, 4.31, 4.309, 4.308, 4.306, 4.305, 4.305, 4.303, 4.303, 4.302, 4.301, 4.301, 4.301, 4.301, 4.3, 4.299, 4.3], "salinity": [36.21, 36.211, 36.21, 36.212, 36.215, 36.214, 36.217, 36.23, 36.293, 36.306, 36.316, 36.324, 36.337, 36.338, 36.344, 36.35, 36.374, 36.385, 36.389, 36.395, 36.401, 36.406, 36.418, 36.511, 36.58, 36.704, 36.805, 36.85, 36.888, 36.929, 36.925, 36.936, 36.922, 36.898, 36.868, 36.791, 36.748, 36.739, 36.707, 36.691, 36.676, 36.657, 36.618, 36.584, 36.572, 36.561, 36.537, 36.498, 36.483, 36.469, 36.45, 36.431, 36.4, 36.377, 36.356, 36.34, 36.314, 36.288, 36.255, 36.219, 36.14, 36.04, 35.928, 35.825, 35.704, 35.626, 35.575, 35.493, 35.405, 35.358, 35.289, 35.236, 35.166, 35.14, 35.1, 35.065, 35.047, 35.019, 35.003, 34.986, 34.967, 34.934, 34.923, 34.916, 34.919, 34.918, 34.905, 34.9, 34.907, 34.913, 34.913, 34.916, 34.919, 34.922, 34.925, 34.928, 34.932, 34.935, 34.939, 34.942, 34.946, 34.948, 34.951, 34.953, 34.955, 34.957, 34.96, 34.961, 34.961, 34.963, 34.964, 34.965, 34.965, 34.966, 34.967, 34.967, 34.968, 34.969, 34.969, 34.969, 34.97, 34.97, 34.971, 34.971, 34.971, 34.971, 34.971, 34.971, 34.972, 34.972, 34.972, 34.972, 34.973, 34.973, 34.973, 34.973, 34.973, 34.973, 34.974, 34.974, 34.974, 34.974, 34.974, 34.974, 34.974, 34.974]}, "surface": {"temperature": 29.156, "salinity": 36.211}, "n_levels": 1008, "maxDepth": 2005.4, "d26": 125.0, "mld": 60, "profile_cycle": 242}}, {"type": "Feature", "geometry": {"type": "Point", "coordinates": [-92.9539, 20.1139]}, "properties": {"platform": "4903546", "time": "2026-10-04T09:31:46Z", "cycle": "242", "profile_time": "2026-10-04T09:31:46Z", "profile": {"depth": [0, 5, 10, 15, 20, 25, 30, 35, 40, 45, 50, 55, 60, 65, 70, 75, 80, 85, 90, 95, 100, 105, 110, 115, 120, 125, 130, 135, 140, 145, 150, 155, 160, 165, 170, 175, 180, 185, 190, 195, 200, 205, 210, 215, 220, 225, 230, 235, 240, 245, 250, 255, 260, 265, 270, 275, 280, 285, 290, 295, 300, 320, 340, 360, 380, 400, 420, 440, 460, 480, 500, 520, 540, 560, 580, 600, 620, 640, 660, 680, 700, 720, 740, 760, 780, 800, 820, 840, 860, 880, 900, 920, 940, 960, 980, 1000, 1020, 1040, 1060, 1080, 1100, 1120, 1140, 1160, 1180, 1200, 1220, 1240, 1260, 1280, 1300, 1320, 1340, 1360], "temperature": [30.355, 30.324, 30.271, 30.307, 30.334, 30.282, 30.179, 29.902, 29.455, 27.838, 26.402, 25.355, 24.784, 24.306, 23.986, 23.641, 23.263, 22.903, 22.538, 22.067, 21.439, 20.936, 20.653, 20.441, 20.046, 19.68, 19.307, 18.964, 18.426, 18.009, 17.817, 17.625, 17.345, 17.14, 16.885, 16.592, 16.431, 16.296, 16.102, 15.939, 15.831, 15.74, 15.579, 15.438, 15.373, 15.284, 15.093, 15.016, 14.86, 14.694, 14.492, 14.354, 14.172, 14.012, 13.912, 13.779, 13.664, 13.514, 13.386, 13.21, 13.023, 12.491, 11.872, 11.347, 11.01, 10.643, 10.417, 10.171, 9.823, 9.42, 9.108, 8.815, 8.477, 8.162, 7.96, 7.727, 7.455, 7.281, 7.146, 7.032, 6.902, 6.707, 6.584, 6.455, 6.345, 6.234, 6.147, 6.064, 5.996, 5.903, 5.83, 5.75, 5.665, 5.59, 5.496, 5.333, 5.198, 5.135, 5.053, 4.988, 4.933, 4.878, 4.806, 4.721, 4.608, 4.535, 4.492, 4.467, 4.428, 4.41, 4.381, 4.374, 4.373, 4.371], "salinity": [36.276, 36.317, 36.384, 36.566, 36.78, 36.796, 36.798, 36.799, 36.753, 36.692, 36.66, 36.651, 36.653, 36.657, 36.65, 36.627, 36.609, 36.596, 36.611, 36.633, 36.664, 36.663, 36.658, 36.656, 36.638, 36.611, 36.572, 36.537, 36.474, 36.423, 36.394, 36.367, 36.325, 36.292, 36.256, 36.212, 36.186, 36.165, 36.137, 36.111, 36.094, 36.079, 36.054, 36.032, 36.02, 36.007, 35.977, 35.963, 35.94, 35.914, 35.884, 35.861, 35.835, 35.808, 35.793, 35.773, 35.754, 35.731, 35.711, 35.686, 35.655, 35.575, 35.485, 35.409, 35.362, 35.311, 35.281, 35.247, 35.203, 35.154, 35.117, 35.084, 35.049, 35.019, 35.001, 34.981, 34.964, 34.955, 34.948, 34.944, 34.936, 34.927, 34.924, 34.923, 34.92, 34.92, 34.919, 34.92, 34.92, 34.92, 34.921, 34.922, 34.924, 34.925, 34.927, 34.931, 34.935, 34.937, 34.94, 34.943, 34.944, 34.946, 34.949, 34.952, 34.957, 34.959, 34.961, 34.962, 34.964, 34.965, 34.966, 34.967, 34.967, 34.967]}, "surface": {"temperature": 30.306, "salinity": 36.344}, "n_levels": 684, "maxDepth": 1357.0, "d26": 51.9, "mld": 40, "profile_cycle": 242}}, {"type": "Feature", "geometry": {"type": "Point", "coordinates": [-92.462, 26.2041]}, "properties": {"platform": "4903547", "time": "2026-10-03T22:40:47Z", "cycle": "242", "profile_time": "2026-10-03T22:40:47Z", "profile": {"depth": [0, 5, 10, 15, 20, 25, 30, 35, 40, 45, 50, 55, 60, 65, 70, 75, 80, 85, 90, 95, 100, 105, 110, 115, 120, 125, 130, 135, 140, 145, 150, 155, 160, 165, 170, 175, 180, 185, 190, 195, 200, 205, 210, 215, 220, 225, 230, 235, 240, 245, 250, 255, 260, 265, 270, 275, 280, 285, 290, 295, 300, 320, 340, 360, 380, 400, 420, 440, 460, 480, 500, 520, 540, 560, 580, 600, 620, 640, 660, 680, 700, 720, 740, 760, 780, 800, 820, 840, 860, 880, 900, 920, 940, 960, 980, 1000, 1020, 1040, 1060, 1080, 1100, 1120, 1140, 1160, 1180, 1200, 1220, 1240, 1260, 1280, 1300, 1320, 1340, 1360, 1380, 1400, 1420, 1440, 1460, 1480, 1500, 1520, 1540, 1560, 1580, 1600, 1620, 1640, 1660, 1680, 1700, 1720, 1740, 1760, 1780, 1800, 1820, 1840, 1860, 1880, 1900, 1920, 1940, 1960, 1980, 2000], "temperature": [30.081, 30.054, 30.0, 29.999, 29.982, 29.988, 29.991, 29.96, 28.364, 26.957, 26.057, 25.587, 25.082, 24.23, 23.413, 22.59, 21.613, 20.47, 19.6, 18.868, 18.403, 17.934, 17.363, 16.704, 16.125, 15.591, 15.265, 14.787, 14.23, 13.574, 13.136, 12.695, 12.419, 12.104, 11.816, 11.529, 11.306, 11.142, 10.994, 10.812, 10.676, 10.561, 10.472, 10.338, 10.247, 10.19, 10.093, 10.024, 9.933, 9.83, 9.743, 9.681, 9.644, 9.585, 9.454, 9.356, 9.275, 9.232, 9.186, 9.139, 9.031, 8.8, 8.614, 8.47, 8.27, 8.043, 7.806, 7.639, 7.442, 7.23, 7.032, 6.826, 6.668, 6.514, 6.39, 6.288, 6.182, 6.086, 5.943, 5.822, 5.728, 5.641, 5.522, 5.389, 5.337, 5.259, 5.149, 5.082, 5.025, 4.941, 4.865, 4.801, 4.751, 4.692, 4.642, 4.598, 4.577, 4.541, 4.521, 4.483, 4.453, 4.433, 4.419, 4.404, 4.384, 4.365, 4.351, 4.336, 4.33, 4.327, 4.319, 4.314, 4.307, 4.303, 4.298, 4.289, 4.283, 4.278, 4.275, 4.272, 4.269, 4.267, 4.266, 4.264, 4.264, 4.264, 4.264, 4.264, 4.265, 4.263, 4.262, 4.262, 4.261, 4.263, 4.264, 4.264, 4.264, 4.264, 4.264, 4.265, 4.266, 4.268, 4.268, 4.27, 4.271, 4.273], "salinity": [36.457, 36.469, 36.495, 36.501, 36.503, 36.509, 36.514, 36.517, 36.54, 36.613, 36.615, 36.614, 36.619, 36.611, 36.603, 36.596, 36.583, 36.542, 36.515, 36.451, 36.409, 36.361, 36.291, 36.204, 36.126, 36.046, 35.995, 35.924, 35.837, 35.742, 35.673, 35.608, 35.567, 35.521, 35.477, 35.436, 35.404, 35.379, 35.358, 35.334, 35.313, 35.295, 35.282, 35.263, 35.252, 35.243, 35.23, 35.221, 35.21, 35.198, 35.185, 35.176, 35.171, 35.162, 35.147, 35.135, 35.125, 35.12, 35.114, 35.108, 35.096, 35.071, 35.051, 35.036, 35.016, 34.995, 34.975, 34.963, 34.949, 34.937, 34.927, 34.919, 34.915, 34.914, 34.913, 34.911, 34.911, 34.911, 34.913, 34.915, 34.916, 34.918, 34.921, 34.925, 34.927, 34.929, 34.932, 34.935, 34.936, 34.939, 34.942, 34.944, 34.946, 34.949, 34.951, 34.953, 34.954, 34.955, 34.956, 34.958, 34.959, 34.96, 34.961, 34.961, 34.962, 34.963, 34.964, 34.965, 34.965, 34.965, 34.966, 34.966, 34.966, 34.967, 34.967, 34.968, 34.968, 34.968, 34.969, 34.969, 34.969, 34.969, 34.97, 34.97, 34.97, 34.97, 34.97, 34.97, 34.97, 34.97, 34.971, 34.971, 34.971, 34.971, 34.971, 34.971, 34.971, 34.971, 34.972, 34.972, 34.972, 34.972, 34.972, 34.972, 34.972, 34.972]}, "surface": {"temperature": 30.036, "salinity": 36.478}, "n_levels": 1010, "maxDepth": 2009.6, "d26": 50.6, "mld": 40, "profile_cycle": 242}}, {"type": "Feature", "geometry": {"type": "Point", "coordinates": [-96.1058, 23.7679]}, "properties": {"platform": "4903548", "time": "2026-10-04T05:57:13Z", "cycle": "242", "profile_time": "2026-10-04T05:57:13Z", "profile": {"depth": [0, 5, 10, 15, 20, 25, 30, 35, 40, 45, 50, 55, 60, 65, 70, 75, 80, 85, 90, 95, 100, 105, 110, 115, 120, 125, 130, 135, 140, 145, 150, 155, 160, 165, 170, 175, 180, 185, 190, 195, 200, 205, 210, 215, 220, 225, 230, 235, 240, 245, 250, 255, 260, 265, 270, 275, 280, 285, 290, 295, 300, 320, 340, 360, 380, 400, 420, 440, 460, 480, 500, 520, 540, 560, 580, 600, 620, 640, 660, 680, 700, 720, 740, 760, 780, 800, 820, 840, 860, 880, 900, 920, 940, 960, 980, 1000, 1020, 1040, 1060, 1080, 1100, 1120, 1140, 1160, 1180, 1200, 1220, 1240, 1260, 1280, 1300, 1320, 1340, 1360, 1380, 1400, 1420, 1440, 1460, 1480, 1500, 1520, 1540, 1560, 1580, 1600, 1620, 1640, 1660, 1680, 1700, 1720, 1740, 1760, 1780, 1800, 1820, 1840, 1860, 1880, 1900, 1920, 1940, 1960, 1980, 2000], "temperature": [30.39, 30.841, 30.859, 30.855, 30.853, 30.852, 30.852, 30.852, 30.669, 27.684, 27.017, 26.593, 26.091, 25.678, 25.338, 25.11, 24.929, 24.763, 24.639, 24.517, 24.404, 24.307, 24.244, 24.175, 24.117, 24.057, 23.993, 23.879, 23.744, 23.531, 23.254, 22.913, 22.623, 22.388, 22.113, 21.883, 21.645, 21.29, 20.989, 20.71, 20.478, 20.087, 19.784, 19.511, 19.306, 19.087, 18.82, 18.605, 18.425, 18.205, 17.91, 17.7, 17.539, 17.381, 17.221, 16.988, 16.828, 16.691, 16.553, 16.362, 16.009, 15.344, 14.758, 14.148, 13.548, 13.069, 12.59, 12.207, 11.913, 11.554, 11.241, 10.909, 10.594, 10.322, 10.002, 9.744, 9.474, 9.232, 8.938, 8.635, 8.381, 8.08, 7.838, 7.41, 7.163, 6.957, 6.869, 6.698, 6.578, 6.42, 6.231, 6.143, 6.038, 5.916, 5.808, 5.731, 5.654, 5.553, 5.469, 5.388, 5.312, 5.236, 5.159, 5.099, 5.003, 4.922, 4.859, 4.783, 4.711, 4.665, 4.625, 4.579, 4.533, 4.509, 4.479, 4.445, 4.433, 4.405, 4.386, 4.377, 4.37, 4.359, 4.352, 4.341, 4.334, 4.327, 4.323, 4.319, 4.319, 4.315, 4.309, 4.303, 4.299, 4.297, 4.295, 4.294, 4.291, 4.289, 4.288, 4.288, 4.284, 4.281, 4.284, 4.285, 4.279, 4.28], "salinity": [36.278, 36.935, 37.008, 37.011, 37.011, 37.013, 37.013, 37.014, 36.997, 36.727, 36.71, 36.698, 36.694, 36.69, 36.688, 36.687, 36.687, 36.686, 36.685, 36.685, 36.684, 36.684, 36.684, 36.686, 36.683, 36.676, 36.674, 36.665, 36.651, 36.635, 36.614, 36.594, 36.598, 36.657, 36.696, 36.73, 36.742, 36.751, 36.734, 36.721, 36.707, 36.669, 36.639, 36.609, 36.586, 36.563, 36.529, 36.501, 36.475, 36.445, 36.405, 36.374, 36.351, 36.328, 36.304, 36.269, 36.244, 36.223, 36.2, 36.171, 36.116, 36.014, 35.922, 35.826, 35.734, 35.659, 35.587, 35.531, 35.487, 35.436, 35.39, 35.343, 35.299, 35.262, 35.22, 35.188, 35.155, 35.125, 35.091, 35.058, 35.03, 34.999, 34.983, 34.954, 34.939, 34.931, 34.927, 34.922, 34.919, 34.918, 34.916, 34.916, 34.916, 34.918, 34.919, 34.92, 34.922, 34.924, 34.926, 34.928, 34.931, 34.933, 34.935, 34.937, 34.941, 34.943, 34.946, 34.949, 34.952, 34.953, 34.955, 34.957, 34.959, 34.96, 34.962, 34.963, 34.964, 34.965, 34.966, 34.966, 34.967, 34.967, 34.968, 34.968, 34.969, 34.969, 34.97, 34.97, 34.97, 34.97, 34.971, 34.971, 34.971, 34.971, 34.971, 34.972, 34.972, 34.972, 34.972, 34.972, 34.973, 34.973, 34.973, 34.973, 34.973, 34.973]}, "surface": {"temperature": 30.773, "salinity": 36.856}, "n_levels": 1009, "maxDepth": 2007.4, "d26": 61.1, "mld": 45, "profile_cycle": 242}}, {"type": "Feature", "geometry": {"type": "Point", "coordinates": [-85.4393, 26.4088]}, "properties": {"platform": "4903549", "time": "2026-10-01T19:42:41Z", "cycle": "239", "profile_time": "2026-10-01T19:42:41Z", "profile": {"depth": [0, 5, 10, 15, 20, 25, 30, 35, 40, 45, 50, 55, 60, 65, 70, 75, 80, 85, 90, 95, 100, 105, 110, 115, 120, 125, 130, 135, 140, 145, 150, 155, 160, 165, 170, 175, 180, 185, 190, 195, 200, 205, 210, 215, 220, 225, 230, 235, 240, 245, 250, 255, 260, 265, 270, 275, 280, 285, 290, 295, 300, 320, 340, 360, 380, 400, 420, 440, 460, 480, 500, 520, 540, 560, 580, 600, 620, 640, 660, 680, 700, 720, 740, 760, 780, 800, 820, 840, 860, 880, 900, 920, 940, 960, 980, 1000, 1020, 1040, 1060, 1080, 1100, 1120, 1140, 1160, 1180, 1200, 1220, 1240, 1260, 1280, 1300, 1320, 1340, 1360, 1380, 1400, 1420, 1440, 1460, 1480, 1500, 1520, 1540, 1560, 1580, 1600, 1620, 1640, 1660, 1680, 1700, 1720, 1740, 1760, 1780, 1800, 1820, 1840, 1860, 1880, 1900, 1920, 1940, 1960, 1980, 2000], "temperature": [30.312, 30.311, 30.313, 30.316, 30.317, 30.319, 30.321, 30.321, 30.347, 30.398, 30.203, 29.423, 28.411, 27.526, 26.689, 25.822, 25.078, 24.395, 23.868, 23.475, 22.946, 22.552, 22.024, 21.741, 21.322, 21.025, 20.59, 20.174, 19.946, 19.73, 19.512, 19.309, 18.955, 18.657, 18.319, 18.088, 17.892, 17.729, 17.466, 17.232, 16.976, 16.77, 16.544, 16.378, 16.258, 16.173, 16.069, 15.899, 15.737, 15.683, 15.541, 15.28, 15.05, 14.938, 14.891, 14.609, 14.27, 14.002, 13.896, 13.809, 13.672, 13.189, 12.758, 12.412, 11.848, 11.415, 11.115, 10.578, 10.178, 9.863, 9.595, 9.395, 8.829, 8.507, 8.224, 8.068, 7.94, 7.695, 7.519, 7.306, 7.147, 6.926, 6.775, 6.583, 6.454, 6.322, 6.223, 6.105, 5.985, 5.884, 5.751, 5.667, 5.594, 5.51, 5.423, 5.354, 5.267, 5.158, 5.061, 4.998, 4.953, 4.911, 4.871, 4.787, 4.735, 4.7, 4.667, 4.627, 4.588, 4.545, 4.514, 4.5, 4.476, 4.461, 4.444, 4.43, 4.418, 4.41, 4.4, 4.388, 4.379, 4.373, 4.365, 4.359, 4.354, 4.352, 4.347, 4.343, 4.339, 4.334, 4.329, 4.324, 4.322, 4.32, 4.318, 4.318, 4.316, 4.315, 4.313, 4.313, 4.313, 4.313, 4.313, 4.313, 4.312, 4.312], "salinity": [36.408, 36.408, 36.408, 36.409, 36.408, 36.409, 36.409, 36.413, 36.434, 36.481, 36.601, 36.594, 36.611, 36.641, 36.647, 36.602, 36.62, 36.593, 36.632, 36.65, 36.684, 36.751, 36.705, 36.674, 36.65, 36.648, 36.649, 36.615, 36.621, 36.608, 36.582, 36.561, 36.527, 36.504, 36.468, 36.436, 36.412, 36.387, 36.345, 36.307, 36.267, 36.237, 36.203, 36.177, 36.157, 36.142, 36.124, 36.096, 36.071, 36.06, 36.037, 35.997, 35.963, 35.942, 35.934, 35.887, 35.831, 35.785, 35.767, 35.752, 35.73, 35.652, 35.58, 35.529, 35.442, 35.381, 35.342, 35.258, 35.201, 35.16, 35.128, 35.115, 35.036, 34.999, 34.975, 34.974, 34.978, 34.96, 34.948, 34.935, 34.926, 34.918, 34.914, 34.91, 34.91, 34.911, 34.911, 34.912, 34.914, 34.915, 34.918, 34.92, 34.922, 34.924, 34.927, 34.929, 34.932, 34.935, 34.938, 34.941, 34.942, 34.944, 34.945, 34.948, 34.95, 34.952, 34.953, 34.955, 34.956, 34.958, 34.96, 34.96, 34.961, 34.962, 34.963, 34.963, 34.964, 34.965, 34.965, 34.966, 34.966, 34.967, 34.967, 34.968, 34.968, 34.968, 34.968, 34.969, 34.969, 34.969, 34.969, 34.97, 34.97, 34.97, 34.97, 34.97, 34.971, 34.971, 34.971, 34.971, 34.971, 34.971, 34.972, 34.972, 34.972, 34.972]}, "surface": {"temperature": 30.312, "salinity": 36.408}, "n_levels": 1007, "maxDepth": 2001.5, "d26": 74.0, "mld": 55, "profile_cycle": 239}}, {"type": "Feature", "geometry": {"type": "Point", "coordinates": [-84.2473, 23.5062]}, "properties": {"platform": "4903550", "time": "2026-10-05T19:35:46Z", "cycle": "258", "profile_time": "2026-10-05T19:35:46Z", "profile": {"depth": [0, 5, 10, 15, 20, 25, 30, 35, 40, 45, 50, 55, 60, 65, 70, 75, 80, 85, 90, 95, 100, 105, 110, 115, 120, 125, 130, 135, 140, 145, 150, 155, 160, 165, 170, 175, 180, 185, 190, 195, 200, 205, 210, 215, 220, 225, 230, 235, 240, 245, 250, 255, 260, 265, 270, 275, 280, 285, 290, 295, 300, 320, 340, 360, 380, 400, 420, 440, 460, 480, 500, 520, 540, 560, 580, 600, 620, 640, 660, 680, 700, 720, 740, 760, 780, 800, 820, 840, 860, 880, 900, 920, 940, 960, 980, 1000, 1020, 1040, 1060, 1080, 1100, 1120, 1140, 1160, 1180, 1200, 1220, 1240, 1260, 1280, 1300, 1320, 1340, 1360, 1380, 1400, 1420, 1440, 1460, 1480, 1500, 1520, 1540, 1560, 1580, 1600, 1620, 1640, 1660, 1680, 1700, 1720, 1740, 1760, 1780, 1800, 1820, 1840, 1860, 1880, 1900, 1920, 1940, 1960, 1980, 2000, 2020], "temperature": [29.779, 29.506, 29.391, 29.381, 29.346, 29.336, 29.349, 29.373, 29.407, 29.405, 29.383, 29.352, 29.385, 29.424, 29.341, 29.243, 29.184, 29.123, 29.026, 28.97, 28.94, 28.902, 28.881, 28.758, 28.621, 28.527, 28.288, 27.996, 27.8, 27.611, 27.447, 27.392, 27.065, 26.392, 26.199, 26.093, 25.761, 25.37, 24.984, 24.551, 23.477, 22.679, 22.37, 21.947, 21.597, 21.328, 20.915, 20.584, 20.343, 20.117, 19.902, 19.733, 19.527, 19.344, 19.173, 18.963, 18.773, 18.682, 18.574, 18.475, 18.236, 17.69, 16.887, 16.237, 15.565, 14.703, 14.0, 13.47, 13.065, 12.747, 12.327, 11.883, 11.475, 11.033, 10.695, 10.436, 10.195, 9.944, 9.618, 9.13, 8.859, 8.574, 8.361, 8.037, 7.588, 7.43, 7.317, 7.079, 6.765, 6.579, 6.401, 6.199, 6.05, 5.926, 5.836, 5.752, 5.675, 5.559, 5.449, 5.349, 5.277, 5.134, 5.032, 4.925, 4.85, 4.801, 4.743, 4.687, 4.643, 4.599, 4.561, 4.552, 4.524, 4.503, 4.482, 4.46, 4.444, 4.434, 4.412, 4.402, 4.387, 4.377, 4.372, 4.365, 4.359, 4.353, 4.349, 4.346, 4.342, 4.336, 4.334, 4.333, 4.333, 4.33, 4.328, 4.327, 4.326, 4.324, 4.324, 4.324, 4.324, 4.324, 4.325, 4.324, 4.321, 4.32, 4.32], "salinity": [36.101, 36.09, 36.081, 36.084, 36.114, 36.148, 36.162, 36.191, 36.224, 36.26, 36.265, 36.258, 36.282, 36.312, 36.325, 36.326, 36.325, 36.325, 36.324, 36.332, 36.333, 36.338, 36.337, 36.328, 36.339, 36.359, 36.374, 36.395, 36.423, 36.456, 36.484, 36.495, 36.547, 36.644, 36.733, 36.749, 36.775, 36.818, 36.878, 36.883, 36.883, 36.895, 36.894, 36.865, 36.857, 36.836, 36.805, 36.778, 36.747, 36.72, 36.698, 36.678, 36.658, 36.636, 36.619, 36.592, 36.562, 36.55, 36.532, 36.516, 36.477, 36.384, 36.261, 36.152, 36.039, 35.896, 35.781, 35.692, 35.631, 35.584, 35.511, 35.444, 35.385, 35.316, 35.272, 35.236, 35.208, 35.176, 35.143, 35.075, 35.044, 35.015, 34.997, 34.97, 34.922, 34.925, 34.932, 34.926, 34.91, 34.909, 34.912, 34.912, 34.913, 34.916, 34.917, 34.919, 34.921, 34.924, 34.927, 34.93, 34.932, 34.937, 34.94, 34.944, 34.947, 34.949, 34.951, 34.954, 34.956, 34.957, 34.959, 34.959, 34.961, 34.962, 34.963, 34.963, 34.965, 34.965, 34.967, 34.967, 34.968, 34.968, 34.968, 34.968, 34.969, 34.97, 34.97, 34.97, 34.97, 34.971, 34.971, 34.972, 34.972, 34.972, 34.972, 34.972, 34.973, 34.973, 34.973, 34.973, 34.973, 34.973, 34.973, 34.973, 34.973, 34.973, 34.973]}, "surface": {"temperature": 29.503, "salinity": 36.088}, "n_levels": 1013, "maxDepth": 2015.1, "d26": 176.4, "mld": 75, "profile_cycle": 258}}, {"type": "Feature", "geometry": {"type": "Point", "coordinates": [-96.6286, 21.0726]}, "properties": {"platform": "4903551", "time": "2026-10-01T11:30:58Z", "cycle": "242", "profile_time": "2026-10-01T11:30:58Z", "profile": {"depth": [0, 5, 10, 15, 20, 25, 30, 35, 40, 45, 50, 55, 60, 65, 70, 75, 80, 85, 90, 95, 100, 105, 110, 115, 120, 125, 130, 135, 140, 145, 150, 155, 160, 165, 170, 175, 180, 185, 190, 195, 200, 205, 210, 215, 220, 225, 230, 235, 240, 245, 250, 255, 260, 265, 270, 275, 280, 285, 290, 295, 300, 320, 340, 360, 380, 400, 420, 440, 460, 480, 500, 520, 540, 560, 580, 600, 620, 640, 660, 680, 700, 720, 740, 760, 780, 800, 820, 840, 860, 880, 900, 920, 940, 960, 980, 1000], "temperature": [30.798, 30.801, 30.801, 30.803, 30.798, 30.661, 30.529, 30.464, 30.38, 30.179, 28.247, 26.576, 25.965, 25.442, 25.141, 24.739, 24.245, 23.878, 23.508, 22.866, 22.446, 22.078, 21.628, 20.985, 20.549, 19.965, 19.558, 19.142, 18.768, 18.331, 18.044, 17.795, 17.548, 17.24, 16.976, 16.79, 16.569, 16.361, 16.093, 15.851, 15.586, 15.284, 15.138, 14.937, 14.715, 14.601, 14.491, 14.367, 14.224, 14.029, 13.78, 13.591, 13.452, 13.351, 13.226, 13.141, 12.948, 12.752, 12.62, 12.474, 12.333, 11.982, 11.45, 10.929, 10.538, 10.262, 9.911, 9.51, 9.1, 8.862, 8.593, 8.347, 8.098, 7.859, 7.576, 7.322, 7.173, 6.986, 6.799, 6.606, 6.45, 6.354, 6.242, 6.121, 5.915, 5.793, 5.709, 5.635, 5.535, 5.481, 5.456, 5.336, 5.313, 5.262, 5.181, 5.17], "salinity": [36.832, 36.832, 36.832, 36.832, 36.832, 36.841, 36.839, 36.834, 36.829, 36.805, 36.698, 36.666, 36.664, 36.659, 36.667, 36.656, 36.643, 36.626, 36.619, 36.581, 36.584, 36.627, 36.63, 36.6, 36.598, 36.587, 36.569, 36.532, 36.493, 36.45, 36.415, 36.382, 36.347, 36.304, 36.264, 36.234, 36.201, 36.169, 36.128, 36.091, 36.05, 36.004, 35.978, 35.946, 35.914, 35.894, 35.877, 35.858, 35.834, 35.804, 35.767, 35.738, 35.716, 35.701, 35.681, 35.665, 35.638, 35.607, 35.588, 35.566, 35.545, 35.492, 35.414, 35.34, 35.286, 35.25, 35.203, 35.15, 35.096, 35.069, 35.045, 35.02, 34.997, 34.977, 34.956, 34.94, 34.931, 34.923, 34.917, 34.913, 34.911, 34.91, 34.91, 34.91, 34.912, 34.914, 34.915, 34.917, 34.919, 34.92, 34.921, 34.924, 34.925, 34.927, 34.929, 34.929]}, "surface": {"temperature": 30.801, "salinity": 36.832}, "n_levels": 507, "maxDepth": 1002.2, "d26": 59.7, "mld": 45, "profile_cycle": 242}}, {"type": "Feature", "geometry": {"type": "Point", "coordinates": [-83.7634, 23.6607]}, "properties": {"platform": "4903552", "time": "2026-10-05T01:15:59Z", "cycle": "257", "profile_time": "2026-10-05T01:15:59Z", "profile": {"depth": [0, 5, 10, 15, 20, 25, 30, 35, 40, 45, 50, 55, 60, 65, 70, 75, 80, 85, 90, 95, 100, 105, 110, 115, 120, 125, 130, 135, 140, 145, 150, 155, 160, 165, 170, 175, 180, 185, 190, 195, 200, 205, 210, 215, 220, 225, 230, 235, 240, 245, 250, 255, 260, 265, 270, 275, 280, 285, 290, 295, 300, 320, 340, 360, 380, 400, 420, 440, 460, 480, 500, 520, 540, 560, 580, 600, 620, 640, 660, 680, 700, 720, 740, 760, 780, 800, 820, 840, 860, 880, 900, 920, 940, 960, 980, 1000, 1020, 1040, 1060, 1080, 1100, 1120, 1140, 1160, 1180, 1200, 1220, 1240, 1260, 1280, 1300, 1320, 1340, 1360, 1380, 1400, 1420, 1440, 1460, 1480, 1500, 1520, 1540, 1560, 1580, 1600, 1620, 1640, 1660, 1680, 1700, 1720, 1740, 1760, 1780, 1800, 1820, 1840, 1860, 1880, 1900, 1920, 1940, 1960, 1980, 2000, 2020], "temperature": [29.53, 29.533, 29.533, 29.518, 29.468, 29.461, 29.448, 29.43, 29.388, 29.407, 29.412, 29.344, 29.204, 29.121, 28.903, 28.764, 28.69, 28.612, 28.414, 28.175, 27.771, 27.546, 27.402, 27.228, 26.946, 26.576, 26.257, 25.784, 25.496, 25.203, 24.756, 24.327, 23.819, 23.239, 23.001, 22.601, 22.179, 21.819, 21.548, 21.113, 20.571, 20.23, 20.054, 19.948, 19.75, 19.43, 19.225, 19.038, 18.901, 18.616, 18.359, 18.22, 18.079, 17.951, 17.815, 17.718, 17.509, 17.281, 17.049, 16.855, 16.533, 15.651, 14.436, 14.015, 13.243, 12.548, 12.049, 11.655, 11.123, 10.683, 10.308, 10.005, 9.611, 9.304, 9.025, 8.68, 8.134, 7.789, 7.338, 7.079, 6.734, 6.559, 6.492, 6.483, 6.448, 6.394, 6.355, 6.298, 6.203, 6.14, 6.052, 5.968, 5.914, 5.84, 5.753, 5.685, 5.634, 5.535, 5.421, 5.348, 5.26, 5.16, 5.026, 4.94, 4.882, 4.869, 4.813, 4.755, 4.687, 4.641, 4.59, 4.539, 4.507, 4.478, 4.457, 4.436, 4.423, 4.415, 4.399, 4.387, 4.378, 4.369, 4.363, 4.352, 4.346, 4.341, 4.338, 4.333, 4.325, 4.32, 4.318, 4.317, 4.315, 4.313, 4.312, 4.312, 4.311, 4.308, 4.306, 4.302, 4.301, 4.302, 4.301, 4.302, 4.301, 4.3, 4.299], "salinity": [36.129, 36.129, 36.129, 36.132, 36.152, 36.17, 36.175, 36.187, 36.267, 36.287, 36.296, 36.304, 36.323, 36.329, 36.321, 36.311, 36.305, 36.31, 36.358, 36.38, 36.375, 36.413, 36.463, 36.519, 36.578, 36.593, 36.666, 36.744, 36.788, 36.85, 36.896, 36.895, 36.916, 36.915, 36.925, 36.904, 36.891, 36.869, 36.845, 36.796, 36.733, 36.728, 36.712, 36.709, 36.681, 36.639, 36.619, 36.595, 36.568, 36.523, 36.484, 36.471, 36.45, 36.434, 36.411, 36.394, 36.358, 36.321, 36.281, 36.25, 36.196, 36.054, 35.86, 35.789, 35.666, 35.559, 35.484, 35.423, 35.344, 35.284, 35.235, 35.195, 35.146, 35.11, 35.079, 35.043, 34.992, 34.962, 34.932, 34.921, 34.91, 34.908, 34.909, 34.909, 34.908, 34.908, 34.908, 34.908, 34.909, 34.909, 34.91, 34.912, 34.913, 34.914, 34.916, 34.918, 34.919, 34.921, 34.924, 34.926, 34.929, 34.932, 34.937, 34.941, 34.943, 34.943, 34.945, 34.948, 34.95, 34.952, 34.954, 34.957, 34.959, 34.96, 34.961, 34.962, 34.962, 34.962, 34.963, 34.963, 34.964, 34.964, 34.965, 34.965, 34.966, 34.966, 34.967, 34.967, 34.967, 34.967, 34.968, 34.969, 34.969, 34.969, 34.97, 34.97, 34.97, 34.97, 34.97, 34.97, 34.971, 34.971, 34.971, 34.971, 34.971, 34.971, 34.97]}, "surface": {"temperature": 29.532, "salinity": 36.129}, "n_levels": 1011, "maxDepth": 2011.1, "d26": 132.7, "mld": 70, "profile_cycle": 257}}, {"type": "Feature", "geometry": {"type": "Point", "coordinates": [-80.0384, 24.621]}, "properties": {"platform": "4903553", "time": "2026-09-15T14:46:32Z", "cycle": "239", "profile_time": "2026-09-15T14:46:32Z", "profile": {"depth": [0, 5, 10, 15, 20, 25, 30, 35, 40, 45, 50, 55, 60, 65, 70, 75, 80, 85, 90, 95, 100, 105, 110, 115, 120, 125, 130, 135, 140, 145, 150, 155, 160, 165, 170, 175, 180, 185, 190, 195, 200, 205, 210, 215, 220, 225, 230, 235, 240, 245, 250, 255, 260, 265, 270, 275, 280, 285, 290, 295, 300, 320, 340, 360, 380, 400, 420, 440, 460, 480, 500, 520, 540, 560, 580, 600, 620, 640, 660, 680, 700, 720, 740, 760, 780, 800, 820, 840], "temperature": [30.905, 30.9, 30.895, 30.889, 30.888, 30.882, 30.829, 30.421, 30.165, 29.831, 29.299, 28.928, 28.625, 28.404, 28.163, 27.956, 27.962, 27.69, 27.318, 27.16, 26.801, 26.59, 26.418, 26.136, 26.036, 25.897, 25.718, 25.511, 25.164, 24.899, 24.594, 23.995, 23.544, 23.123, 22.312, 21.611, 20.97, 20.819, 20.621, 20.445, 20.077, 20.058, 19.886, 19.656, 19.453, 19.371, 19.21, 18.999, 18.906, 18.764, 18.593, 18.194, 18.026, 17.948, 17.844, 17.66, 17.524, 17.419, 17.248, 17.092, 16.702, 15.989, 14.805, 14.182, 13.56, 12.772, 12.08, 11.63, 11.119, 10.734, 10.314, 9.855, 9.501, 9.175, 8.767, 8.401, 8.104, 7.778, 7.319, 7.144, 6.847, 6.585, 6.379, 6.221, 6.096, 6.037, 6.012, 5.897], "salinity": [null, null, null, null, null, null, null, null, null, null, null, null, null, null, null, null, null, null, null, null, null, null, null, null, null, null, null, null, null, null, null, null, null, null, null, null, null, null, null, null, null, null, null, null, null, null, null, null, null, null, null, null, null, null, null, null, null, null, null, null, null, null, null, null, null, null, null, null, null, null, null, null, null, null, null, null, null, null, null, null, null, null, null, null, null, null, null, null]}, "surface": {"temperature": 30.899, "salinity": null}, "n_levels": 427, "maxDepth": 841.7, "d26": 121.3, "mld": 40, "profile_cycle": 239}}, {"type": "Feature", "geometry": {"type": "Point", "coordinates": [-81.5507, 23.7209]}, "properties": {"platform": "4903554", "time": "2026-10-02T01:56:14Z", "cycle": "263", "profile_time": "2026-10-02T01:56:14Z", "profile": {"depth": [0, 5, 10, 15, 20, 25, 30, 35, 40, 45, 50, 55, 60, 65, 70, 75, 80, 85, 90, 95, 100, 105, 110, 115, 120, 125, 130, 135, 140, 145, 150, 155, 160, 165, 170, 175, 180, 185, 190, 195, 200, 205, 210, 215, 220, 225, 230, 235, 240, 245, 250, 255, 260, 265, 270, 275, 280, 285, 290, 295, 300, 320, 340, 360, 380, 400, 420, 440, 460, 480, 500, 520, 540, 560, 580, 600, 620, 640, 660, 680, 700, 720, 740, 760, 780, 800, 820, 840, 860, 880, 900, 920, 940, 960, 980, 1000, 1020, 1040, 1060, 1080, 1100, 1120, 1140, 1160, 1180, 1200, 1220, 1240, 1260, 1280, 1300, 1320, 1340, 1360, 1380, 1400, 1420, 1440, 1460, 1480, 1500], "temperature": [30.12, 30.125, 30.129, 30.13, 30.132, 30.133, 30.134, 30.133, 30.089, 29.865, 29.632, 29.493, 29.428, 29.361, 29.202, 28.996, 28.753, 28.584, 28.382, 28.205, 27.828, 27.591, 27.409, 26.971, 26.621, 26.15, 25.725, 25.31, 24.648, 24.084, 23.52, 22.545, 21.936, 21.626, 21.568, 21.553, 21.477, 21.288, 21.181, 20.871, 20.399, 19.896, 19.828, 19.574, 19.257, 19.038, 18.904, 18.693, 18.479, 18.33, 18.104, 18.035, 17.895, 17.694, 17.305, 17.173, 16.992, 16.871, 16.7, 16.607, 16.345, 15.762, 15.138, 14.187, 13.601, 13.367, 13.108, 12.721, 12.485, 12.141, 11.943, 11.626, 11.099, 10.675, 10.506, 10.283, 10.068, 9.805, 9.461, 9.196, 8.872, 8.539, 8.242, 7.978, 7.673, 7.236, 6.928, 6.69, 6.577, 6.452, 6.252, 6.144, 6.004, 5.862, 5.753, 5.655, 5.593, 5.476, 5.326, 5.231, 5.11, 5.023, 4.962, 4.909, 4.835, 4.778, 4.708, 4.664, 4.62, 4.573, 4.54, 4.521, 4.492, 4.469, 4.452, 4.429, 4.406, 4.391, 4.362, 4.331, 4.328], "salinity": [36.337, 36.336, 36.337, 36.337, 36.337, 36.337, 36.336, 36.336, 36.327, 36.302, 36.301, 36.305, 36.293, 36.288, 36.283, 36.302, 36.328, 36.358, 36.36, 36.397, 36.414, 36.442, 36.477, 36.558, 36.618, 36.682, 36.776, 36.822, 36.859, 36.886, 36.928, 36.897, 36.855, 36.84, 36.842, 36.843, 36.84, 36.828, 36.818, 36.787, 36.735, 36.706, 36.694, 36.665, 36.63, 36.6, 36.582, 36.555, 36.521, 36.501, 36.464, 36.451, 36.429, 36.396, 36.336, 36.31, 36.279, 36.26, 36.23, 36.214, 36.172, 36.076, 35.973, 35.817, 35.721, 35.684, 35.642, 35.58, 35.545, 35.494, 35.464, 35.419, 35.342, 35.285, 35.264, 35.234, 35.207, 35.174, 35.133, 35.104, 35.066, 35.027, 35.001, 34.982, 34.958, 34.93, 34.914, 34.905, 34.906, 34.909, 34.91, 34.911, 34.914, 34.917, 34.919, 34.923, 34.925, 34.927, 34.932, 34.934, 34.938, 34.941, 34.943, 34.945, 34.948, 34.95, 34.953, 34.955, 34.957, 34.959, 34.961, 34.961, 34.963, 34.964, 34.964, 34.965, 34.967, 34.967, 34.969, 34.97, 34.971]}, "surface": {"temperature": 30.126, "salinity": 36.337}, "n_levels": 757, "maxDepth": 1503.1, "d26": 126.8, "mld": 55, "profile_cycle": 263}}, {"type": "Feature", "geometry": {"type": "Point", "coordinates": [-87.5533, 28.2015]}, "properties": {"platform": "4903555", "time": "2026-10-01T01:19:31Z", "cycle": "240", "profile_time": "2026-10-01T01:19:31Z", "profile": {"depth": [0, 5, 10, 15, 20, 25, 30, 35, 40, 45, 50, 55, 60, 65, 70, 75, 80, 85, 90, 95, 100, 105, 110, 115, 120, 125, 130, 135, 140, 145, 150, 155, 160, 165, 170, 175, 180, 185, 190, 195, 200, 205, 210, 215, 220, 225, 230, 235, 240, 245, 250, 255, 260, 265, 270, 275, 280, 285, 290, 295, 300, 320, 340, 360, 380, 400, 420, 440, 460, 480, 500, 520, 540, 560, 580, 600, 620, 640, 660, 680, 700, 720, 740, 760, 780, 800, 820, 840, 860, 880, 900, 920, 940, 960, 980, 1000, 1020, 1040, 1060, 1080, 1100, 1120, 1140, 1160, 1180, 1200, 1220, 1240, 1260, 1280, 1300, 1320, 1340, 1360, 1380, 1400, 1420, 1440, 1460, 1480, 1500, 1520, 1540, 1560, 1580, 1600, 1620, 1640, 1660, 1680, 1700, 1720, 1740, 1760, 1780, 1800, 1820, 1840, 1860, 1880, 1900, 1920, 1940, 1960, 1980, 2000], "temperature": [29.78, 29.79, 29.864, 30.207, 30.262, 30.379, 29.645, 28.269, 27.622, 26.685, 26.309, 25.932, 25.14, 24.521, 23.899, 23.392, 23.018, 22.447, 22.04, 21.662, 21.225, 20.698, 20.433, 20.068, 19.72, 19.453, 19.274, 19.157, 19.012, 18.777, 18.477, 18.092, 17.866, 17.712, 17.53, 17.389, 17.233, 17.095, 16.894, 16.734, 16.408, 16.173, 15.995, 15.817, 15.632, 15.477, 15.307, 15.113, 14.959, 14.832, 14.701, 14.504, 14.404, 14.218, 14.018, 13.931, 13.693, 13.467, 13.252, 13.143, 12.931, 12.459, 11.986, 11.561, 11.235, 10.842, 10.501, 9.985, 9.591, 9.331, 9.092, 8.792, 8.505, 8.267, 7.975, 7.733, 7.585, 7.372, 7.153, 6.963, 6.796, 6.645, 6.462, 6.335, 6.209, 6.111, 6.017, 5.918, 5.84, 5.77, 5.692, 5.608, 5.519, 5.424, 5.329, 5.26, 5.181, 5.111, 5.031, 4.951, 4.884, 4.822, 4.773, 4.73, 4.675, 4.64, 4.608, 4.575, 4.53, 4.506, 4.487, 4.468, 4.453, 4.432, 4.415, 4.401, 4.39, 4.379, 4.372, 4.364, 4.358, 4.353, 4.347, 4.341, 4.338, 4.333, 4.331, 4.329, 4.326, 4.324, 4.322, 4.322, 4.319, 4.316, 4.313, 4.31, 4.309, 4.308, 4.307, 4.306, 4.305, 4.304, 4.303, 4.304, 4.304, 4.304], "salinity": [34.439, 34.445, 34.562, 35.093, 35.186, 35.52, 36.13, 36.297, 36.478, 36.492, 36.536, 36.62, 36.649, 36.656, 36.65, 36.658, 36.66, 36.698, 36.707, 36.758, 36.733, 36.689, 36.661, 36.642, 36.615, 36.59, 36.591, 36.6, 36.579, 36.539, 36.487, 36.431, 36.4, 36.376, 36.352, 36.335, 36.312, 36.29, 36.259, 36.23, 36.179, 36.138, 36.107, 36.078, 36.05, 36.025, 35.997, 35.966, 35.938, 35.918, 35.897, 35.869, 35.852, 35.825, 35.792, 35.776, 35.739, 35.702, 35.669, 35.654, 35.623, 35.552, 35.48, 35.415, 35.368, 35.31, 35.267, 35.194, 35.141, 35.11, 35.086, 35.055, 35.028, 35.006, 34.978, 34.96, 34.951, 34.938, 34.923, 34.921, 34.916, 34.914, 34.91, 34.909, 34.909, 34.91, 34.912, 34.913, 34.915, 34.916, 34.918, 34.92, 34.922, 34.925, 34.928, 34.931, 34.933, 34.935, 34.938, 34.941, 34.943, 34.945, 34.947, 34.949, 34.951, 34.953, 34.954, 34.955, 34.957, 34.958, 34.959, 34.96, 34.96, 34.962, 34.962, 34.963, 34.963, 34.964, 34.964, 34.965, 34.965, 34.966, 34.966, 34.966, 34.966, 34.967, 34.967, 34.967, 34.967, 34.967, 34.968, 34.968, 34.968, 34.968, 34.968, 34.969, 34.969, 34.969, 34.969, 34.969, 34.969, 34.969, 34.969, 34.97, 34.969, 34.969]}, "surface": {"temperature": 29.848, "salinity": 34.535}, "n_levels": 1010, "maxDepth": 2009.4, "d26": 54.1, "mld": 35, "profile_cycle": 240}}, {"type": "Feature", "geometry": {"type": "Point", "coordinates": [-90.194, 27.6388]}, "properties": {"platform": "4903556", "time": "2026-10-03T05:26:20Z", "cycle": "242", "profile_time": "2026-10-03T05:26:20Z", "profile": {"depth": [0, 5, 10, 15, 20, 25, 30, 35, 40, 45, 50, 55, 60, 65, 70, 75, 80, 85, 90, 95, 100, 105, 110, 115, 120, 125, 130, 135, 140, 145, 150, 155, 160, 165, 170, 175, 180, 185, 190, 195, 200, 205, 210, 215, 220, 225, 230, 235, 240, 245, 250, 255, 260, 265, 270, 275, 280, 285, 290, 295, 300, 320, 340, 360, 380, 400, 420, 440, 460, 480, 500, 520, 540, 560, 580, 600, 620, 640, 660, 680, 700, 720, 740, 760, 780, 800, 820, 840, 860, 880, 900, 920, 940, 960, 980, 1000, 1020, 1040], "temperature": [29.814, 29.819, 29.832, 29.841, 29.847, 29.84, 29.855, 29.502, 28.224, 26.531, 25.777, 24.95, 24.198, 23.746, 23.328, 22.705, 22.427, 22.128, 21.565, 21.024, 20.559, 20.203, 19.823, 19.363, 18.931, 18.622, 18.241, 17.916, 17.628, 17.447, 17.154, 16.809, 16.584, 16.392, 16.139, 15.954, 15.739, 15.649, 15.49, 15.317, 15.197, 15.013, 14.857, 14.72, 14.564, 14.364, 14.19, 14.046, 13.936, 13.83, 13.701, 13.604, 13.544, 13.499, 13.363, 13.283, 13.059, 12.914, 12.784, 12.597, 12.474, 12.057, 11.56, 11.243, 10.803, 10.292, 9.967, 9.576, 9.19, 9.011, 8.828, 8.576, 8.41, 8.186, 7.889, 7.646, 7.454, 7.276, 7.139, 6.936, 6.775, 6.6, 6.384, 6.228, 6.106, 6.047, 6.015, 5.959, 5.881, 5.816, 5.712, 5.599, 5.549, 5.459, 5.388, 5.328, 5.291, 5.267], "salinity": [36.431, 36.431, 36.445, 36.462, 36.483, 36.518, 36.547, 36.521, 36.504, 36.562, 36.601, 36.6, 36.552, 36.52, 36.514, 36.502, 36.503, 36.516, 36.532, 36.559, 36.566, 36.562, 36.555, 36.529, 36.488, 36.463, 36.428, 36.392, 36.353, 36.322, 36.286, 36.238, 36.203, 36.173, 36.134, 36.103, 36.067, 36.048, 36.025, 35.996, 35.977, 35.948, 35.918, 35.9, 35.874, 35.838, 35.812, 35.791, 35.782, 35.769, 35.751, 35.738, 35.728, 35.721, 35.699, 35.686, 35.654, 35.63, 35.61, 35.581, 35.56, 35.499, 35.427, 35.379, 35.311, 35.228, 35.18, 35.125, 35.083, 35.068, 35.05, 35.032, 35.019, 34.996, 34.971, 34.957, 34.944, 34.932, 34.925, 34.919, 34.916, 34.911, 34.91, 34.91, 34.911, 34.911, 34.912, 34.913, 34.914, 34.915, 34.917, 34.92, 34.921, 34.923, 34.925, 34.927, 34.928, 34.929]}, "surface": {"temperature": 29.824, "salinity": 36.438}, "n_levels": 530, "maxDepth": 1049.2, "d26": 48.5, "mld": 40, "profile_cycle": 242}}, {"type": "Feature", "geometry": {"type": "Point", "coordinates": [-95.0554, 20.4778]}, "properties": {"platform": "4903557", "time": "2026-10-02T10:44:26Z", "cycle": "242", "profile_time": "2026-10-02T10:44:26Z", "profile": {"depth": [0, 5, 10, 15, 20, 25, 30, 35, 40, 45, 50, 55, 60, 65, 70, 75, 80, 85, 90, 95, 100, 105, 110, 115, 120, 125, 130, 135, 140, 145, 150, 155, 160, 165, 170, 175, 180, 185, 190, 195, 200, 205, 210, 215, 220, 225, 230, 235, 240, 245, 250, 255, 260, 265, 270, 275, 280, 285, 290, 295, 300, 320, 340, 360, 380, 400, 420, 440, 460, 480, 500, 520, 540, 560, 580, 600, 620, 640, 660, 680, 700, 720, 740, 760, 780, 800, 820, 840, 860, 880, 900, 920, 940, 960, 980, 1000, 1020, 1040, 1060, 1080, 1100, 1120, 1140, 1160, 1180, 1200, 1220, 1240, 1260, 1280, 1300, 1320, 1340, 1360, 1380, 1400, 1420, 1440, 1460, 1480, 1500, 1520, 1540, 1560, 1580, 1600, 1620, 1640, 1660, 1680, 1700, 1720, 1740, 1760, 1780, 1800, 1820, 1840, 1860, 1880, 1900, 1920, 1940, 1960, 1980, 2000, 2020], "temperature": [30.716, 30.722, 30.733, 30.735, 30.735, 30.736, 30.72, 30.275, 29.381, 26.876, 25.078, 22.746, 21.79, 21.151, 20.743, 20.377, 19.988, 19.605, 19.272, 19.099, 18.94, 18.681, 18.357, 18.126, 17.91, 17.764, 17.642, 17.386, 17.108, 16.887, 16.553, 16.166, 15.823, 15.566, 15.455, 15.268, 15.117, 14.978, 14.817, 14.67, 14.533, 14.308, 14.127, 13.992, 13.758, 13.605, 13.406, 13.261, 13.171, 13.011, 12.851, 12.695, 12.56, 12.362, 12.184, 12.078, 11.884, 11.671, 11.55, 11.451, 11.365, 11.071, 10.79, 10.461, 9.982, 9.583, 9.211, 8.979, 8.694, 8.302, 7.965, 7.786, 7.668, 7.497, 7.351, 7.248, 7.111, 6.949, 6.778, 6.604, 6.448, 6.295, 6.11, 5.96, 5.872, 5.784, 5.677, 5.583, 5.497, 5.402, 5.29, 5.21, 5.126, 5.049, 4.983, 4.917, 4.844, 4.77, 4.703, 4.648, 4.602, 4.549, 4.514, 4.479, 4.456, 4.436, 4.411, 4.393, 4.381, 4.37, 4.358, 4.347, 4.339, 4.331, 4.323, 4.317, 4.313, 4.308, 4.304, 4.301, 4.296, 4.291, 4.289, 4.287, 4.285, 4.283, 4.282, 4.281, 4.28, 4.278, 4.278, 4.277, 4.277, 4.277, 4.277, 4.277, 4.277, 4.277, 4.278, 4.279, 4.28, 4.281, 4.282, 4.283, 4.282, 4.283, 4.284], "salinity": [36.637, 36.637, 36.637, 36.637, 36.637, 36.636, 36.636, 36.65, 36.592, 36.549, 36.546, 36.528, 36.556, 36.594, 36.591, 36.585, 36.564, 36.538, 36.513, 36.492, 36.475, 36.453, 36.406, 36.378, 36.35, 36.327, 36.305, 36.27, 36.224, 36.189, 36.139, 36.079, 36.028, 35.989, 35.968, 35.938, 35.915, 35.892, 35.868, 35.846, 35.824, 35.788, 35.76, 35.737, 35.704, 35.678, 35.651, 35.629, 35.613, 35.591, 35.566, 35.542, 35.52, 35.494, 35.466, 35.45, 35.422, 35.391, 35.37, 35.355, 35.343, 35.302, 35.263, 35.219, 35.155, 35.105, 35.06, 35.034, 35.003, 34.964, 34.935, 34.92, 34.91, 34.898, 34.889, 34.883, 34.876, 34.868, 34.863, 34.858, 34.854, 34.853, 34.852, 34.854, 34.855, 34.856, 34.858, 34.86, 34.862, 34.864, 34.867, 34.869, 34.872, 34.875, 34.877, 34.879, 34.882, 34.884, 34.887, 34.889, 34.891, 34.894, 34.895, 34.896, 34.897, 34.898, 34.899, 34.9, 34.901, 34.901, 34.902, 34.903, 34.903, 34.904, 34.904, 34.904, 34.905, 34.905, 34.905, 34.905, 34.906, 34.906, 34.906, 34.906, 34.907, 34.907, 34.907, 34.907, 34.907, 34.908, 34.908, 34.908, 34.908, 34.908, 34.908, 34.908, 34.908, 34.908, 34.908, 34.908, 34.908, 34.908, 34.909, 34.909, 34.909, 34.909, 34.909]}, "surface": {"temperature": 30.726, "salinity": 36.637}, "n_levels": 1014, "maxDepth": 2017.3, "d26": 47.4, "mld": 40, "profile_cycle": 242}}, {"type": "Feature", "geometry": {"type": "Point", "coordinates": [-85.5285, 20.4413]}, "properties": {"platform": "4903559", "time": "2026-09-26T10:18:53Z", "cycle": "138", "profile_time": "2026-09-26T10:18:53Z", "profile": {"depth": [0, 5, 10, 15, 20, 25, 30, 35, 40, 45, 50, 55, 60, 65, 70, 75, 80, 85, 90, 95, 100, 105, 110, 115, 120, 125, 130, 135, 140, 145, 150, 155, 160, 165, 170, 175, 180, 185, 190, 195, 200, 205, 210, 215, 220, 225, 230, 235, 240, 245, 250, 255, 260, 265, 270, 275, 280, 285, 290, 295, 300, 320, 340, 360, 380, 400, 420, 440, 460, 480, 500, 520, 540, 560, 580, 600, 620, 640, 660, 680, 700, 720, 740, 760, 780, 800, 820, 840, 860, 880, 900, 920, 940, 960, 980, 1000, 1020, 1040, 1060, 1080, 1100, 1120, 1140, 1160, 1180, 1200, 1220, 1240, 1260, 1280, 1300, 1320, 1340, 1360, 1380, 1400, 1420, 1440, 1460, 1480, 1500, 1520, 1540, 1560, 1580, 1600, 1620, 1640, 1660, 1680, 1700, 1720, 1740, 1760, 1780, 1800, 1820, 1840, 1860, 1880, 1900, 1920, 1940, 1960, 1980, 2000], "temperature": [30.338, 30.336, 30.337, 30.34, 30.303, 30.3, 30.293, 30.285, 30.257, 29.741, 29.537, 29.393, 29.262, 29.16, 29.033, 28.913, 28.836, 28.765, 28.684, 28.614, 28.498, 28.409, 28.302, 28.204, 28.116, 28.051, 27.988, 27.858, 27.687, 27.567, 27.46, 27.419, 27.368, 27.338, 27.222, 27.031, 26.803, 26.648, 26.527, 26.16, 25.849, 25.499, 24.994, 24.685, 24.436, 24.079, 23.551, 22.782, 22.382, 22.123, 21.818, 21.472, 21.104, 20.663, 20.36, 20.174, 19.962, 19.739, 19.606, 19.439, 19.097, 18.317, 17.819, 17.096, 16.277, 15.634, 15.183, 14.361, 13.865, 13.426, 12.825, 12.214, 11.745, 11.339, 10.882, 10.603, 10.294, 9.899, 9.523, 9.345, 9.221, 9.058, 8.862, 8.758, 8.617, 8.452, 8.32, 8.236, 8.122, 7.876, 7.633, 7.406, 7.092, 6.931, 6.754, 6.693, 6.498, 6.23, 5.936, 5.785, 5.642, 5.375, 5.251, 5.183, 5.119, 5.023, 4.967, 4.913, 4.849, 4.797, 4.765, 4.725, 4.685, 4.656, 4.623, 4.595, 4.571, 4.558, 4.537, 4.527, 4.499, 4.472, 4.442, 4.433, 4.426, 4.413, 4.403, 4.396, 4.381, 4.374, 4.365, 4.365, 4.36, 4.354, 4.345, 4.335, 4.333, 4.331, 4.333, 4.333, 4.327, 4.317, 4.316, 4.313, 4.307, 4.3], "salinity": [36.354, 36.354, 36.354, 36.354, 36.356, 36.362, 36.363, 36.362, 36.358, 36.285, 36.261, 36.258, 36.262, 36.263, 36.269, 36.273, 36.274, 36.272, 36.285, 36.291, 36.303, 36.309, 36.311, 36.33, 36.353, 36.369, 36.387, 36.406, 36.426, 36.457, 36.482, 36.487, 36.5, 36.516, 36.534, 36.575, 36.621, 36.663, 36.697, 36.77, 36.815, 36.849, 36.888, 36.919, 36.929, 36.936, 36.936, 36.924, 36.913, 36.906, 36.889, 36.864, 36.831, 36.791, 36.759, 36.737, 36.712, 36.684, 36.668, 36.651, 36.602, 36.486, 36.413, 36.289, 36.151, 36.053, 35.987, 35.838, 35.75, 35.675, 35.581, 35.49, 35.417, 35.362, 35.295, 35.255, 35.21, 35.155, 35.107, 35.086, 35.072, 35.051, 35.029, 35.018, 35.004, 34.987, 34.974, 34.967, 34.956, 34.934, 34.915, 34.904, 34.887, 34.881, 34.881, 34.879, 34.88, 34.899, 34.902, 34.906, 34.912, 34.926, 34.932, 34.936, 34.938, 34.943, 34.946, 34.949, 34.952, 34.955, 34.957, 34.958, 34.96, 34.961, 34.964, 34.965, 34.966, 34.967, 34.968, 34.968, 34.969, 34.97, 34.971, 34.972, 34.973, 34.974, 34.974, 34.975, 34.976, 34.976, 34.977, 34.978, 34.978, 34.978, 34.978, 34.979, 34.981, 34.982, 34.984, 34.984, 34.984, 34.984, 34.985, 34.985, 34.985, 34.985]}, "surface": {"temperature": 30.337, "salinity": 36.354}, "n_levels": 1009, "maxDepth": 2008.2, "d26": 197.6, "mld": 45, "profile_cycle": 138}}, {"type": "Feature", "geometry": {"type": "Point", "coordinates": [-86.2666, 18.4883]}, "properties": {"platform": "4903562", "time": "2026-09-28T03:21:23Z", "cycle": "138", "profile_time": "2026-09-28T03:21:23Z", "profile": {"depth": [0, 5, 10, 15, 20, 25, 30, 35, 40, 45, 50, 55, 60, 65, 70, 75, 80, 85, 90, 95, 100, 105, 110, 115, 120, 125, 130, 135, 140, 145, 150, 155, 160, 165, 170, 175, 180, 185, 190, 195, 200, 205, 210, 215, 220, 225, 230, 235, 240, 245, 250, 255, 260, 265, 270, 275, 280, 285, 290, 295, 300, 320, 340, 360, 380, 400, 420, 440, 460, 480, 500, 520, 540, 560, 580, 600, 620, 640, 660, 680, 700, 720, 740, 760, 780, 800, 820, 840, 860, 880, 900, 920, 940, 960, 980, 1000, 1020, 1040, 1060, 1080, 1100, 1120, 1140, 1160, 1180, 1200, 1220, 1240, 1260, 1280, 1300, 1320, 1340, 1360, 1380, 1400, 1420, 1440, 1460, 1480, 1500, 1520, 1540, 1560, 1580, 1600, 1620, 1640, 1660, 1680, 1700, 1720, 1740, 1760, 1780, 1800, 1820, 1840, 1860, 1880, 1900, 1920, 1940, 1960, 1980, 2000, 2020], "temperature": [29.982, 29.987, 29.985, 29.926, 29.764, 29.735, 29.654, 29.611, 29.443, 29.316, 29.263, 29.255, 29.209, 29.14, 29.09, 28.921, 28.756, 28.617, 28.412, 28.265, 28.069, 28.007, 27.947, 27.877, 27.744, 27.348, 27.13, 26.891, 26.655, 26.368, 25.985, 25.717, 25.486, 25.337, 25.085, 24.752, 24.308, 23.943, 23.507, 23.096, 22.67, 22.359, 22.096, 21.778, 21.485, 21.142, 20.901, 20.59, 20.093, 19.438, 19.067, 18.641, 18.211, 17.878, 17.611, 17.291, 17.055, 16.73, 16.376, 16.193, 15.838, 15.048, 14.273, 13.393, 12.704, 12.131, 11.677, 11.121, 10.522, 10.001, 9.513, 9.117, 8.783, 8.573, 8.389, 8.173, 7.887, 7.58, 7.276, 7.073, 6.775, 6.61, 6.406, 6.301, 6.162, 5.954, 5.751, 5.609, 5.511, 5.42, 5.334, 5.22, 5.171, 5.113, 5.045, 4.985, 4.943, 4.899, 4.855, 4.81, 4.775, 4.745, 4.701, 4.675, 4.644, 4.607, 4.581, 4.553, 4.534, 4.518, 4.495, 4.473, 4.463, 4.445, 4.429, 4.414, 4.401, 4.386, 4.374, 4.364, 4.358, 4.348, 4.343, 4.337, 4.333, 4.326, 4.32, 4.313, 4.308, 4.3, 4.291, 4.288, 4.286, 4.281, 4.274, 4.269, 4.265, 4.263, 4.258, 4.256, 4.256, 4.252, 4.245, 4.242, 4.242, 4.239, 4.239], "salinity": [36.142, 36.142, 36.151, 36.194, 36.327, 36.341, 36.338, 36.335, 36.315, 36.31, 36.322, 36.349, 36.349, 36.346, 36.359, 36.36, 36.346, 36.375, 36.412, 36.42, 36.442, 36.453, 36.458, 36.467, 36.482, 36.52, 36.554, 36.588, 36.611, 36.642, 36.682, 36.705, 36.73, 36.756, 36.769, 36.785, 36.825, 36.826, 36.843, 36.843, 36.838, 36.826, 36.803, 36.767, 36.769, 36.758, 36.74, 36.706, 36.657, 36.594, 36.545, 36.497, 36.442, 36.392, 36.352, 36.306, 36.269, 36.218, 36.158, 36.127, 36.07, 35.939, 35.81, 35.671, 35.561, 35.472, 35.405, 35.324, 35.24, 35.171, 35.104, 35.058, 35.018, 34.997, 34.982, 34.966, 34.939, 34.916, 34.896, 34.888, 34.873, 34.878, 34.88, 34.883, 34.884, 34.892, 34.9, 34.908, 34.913, 34.918, 34.922, 34.929, 34.931, 34.934, 34.937, 34.94, 34.942, 34.944, 34.946, 34.948, 34.95, 34.952, 34.954, 34.955, 34.957, 34.959, 34.96, 34.961, 34.963, 34.964, 34.965, 34.967, 34.968, 34.97, 34.97, 34.971, 34.972, 34.973, 34.973, 34.974, 34.975, 34.975, 34.977, 34.977, 34.978, 34.979, 34.979, 34.98, 34.98, 34.981, 34.981, 34.981, 34.982, 34.983, 34.983, 34.983, 34.984, 34.984, 34.985, 34.986, 34.987, 34.987, 34.987, 34.987, 34.987, 34.988, 34.987]}, "surface": {"temperature": 29.984, "salinity": 36.147}, "n_levels": 1011, "maxDepth": 2011.1, "d26": 149.8, "mld": 40, "profile_cycle": 138}}, {"type": "Feature", "geometry": {"type": "Point", "coordinates": [-86.7469, 26.795]}, "properties": {"platform": "4903622", "time": "2026-09-04T11:54:27Z", "cycle": "184", "profile_time": "2026-09-04T11:54:27Z", "profile": {"depth": [5, 10, 15, 20, 25, 30, 35, 40, 45, 50, 55, 60, 65, 70, 75, 80, 85, 90, 95, 100, 105, 110, 115, 120, 125, 130, 135, 140, 145, 150, 155, 160, 165, 170, 175, 180, 185, 190, 195, 200, 205, 210, 215, 220, 225, 230, 235, 240, 245, 250, 255, 260, 265, 270, 275, 280, 285, 290, 295, 300, 320, 340, 360, 380, 400, 420, 440, 460, 480, 500, 520, 540, 560, 580, 600, 620, 640, 660, 680, 700, 720, 740, 760, 780, 800, 820, 840, 860, 880, 900, 920, 940, 960, 980, 1000, 1100, 1200, 1300, 1400, 1500, 1600, 1700, 1800, 1900], "temperature": [30.471, 30.475, 30.476, 30.476, 30.476, 30.444, 30.235, 29.778, 29.441, 29.245, 29.113, 28.951, 28.779, 28.605, 28.451, 28.323, 28.125, 27.875, 27.678, 27.52, 27.384, 27.26, 27.182, 27.042, 26.946, 26.824, 26.708, 26.439, 26.184, 25.845, 25.347, 24.881, 24.541, 24.055, 23.581, 23.338, 22.834, 22.504, 22.093, 21.69, 21.388, 21.187, 20.917, 20.608, 20.346, 20.11, 19.966, 19.739, 19.548, 19.378, 19.166, 18.983, 18.82, 18.702, 18.581, 18.399, 18.209, 18.086, 17.938, 17.683, 17.067, 16.455, 15.941, 15.445, 14.949, 14.423, 13.793, 12.961, 12.392, 11.791, 11.191, 10.749, 10.149, 9.46, 9.177, 9.012, 8.621, 8.292, 8.053, 7.756, 7.509, 7.316, 7.205, 7.054, 6.88, 6.698, 6.581, 6.421, 6.307, 6.201, 6.121, 6.027, 5.91, 5.796, 5.673, 5.196, 4.837, 4.602, 4.466, 4.387, 4.357, 4.334, 4.319, 4.31], "salinity": [36.218, 36.218, 36.218, 36.218, 36.218, 36.215, 36.199, 36.192, 36.175, 36.152, 36.16, 36.158, 36.175, 36.179, 36.169, 36.186, 36.201, 36.234, 36.264, 36.285, 36.319, 36.348, 36.41, 36.432, 36.492, 36.531, 36.592, 36.626, 36.681, 36.719, 36.802, 36.877, 36.903, 36.92, 36.916, 36.934, 36.925, 36.913, 36.886, 36.86, 36.847, 36.839, 36.812, 36.773, 36.741, 36.724, 36.708, 36.683, 36.661, 36.647, 36.62, 36.598, 36.577, 36.559, 36.542, 36.512, 36.483, 36.465, 36.443, 36.397, 36.294, 36.186, 36.101, 36.017, 35.935, 35.857, 35.77, 35.641, 35.553, 35.46, 35.369, 35.312, 35.217, 35.126, 35.099, 35.088, 35.048, 35.016, 34.994, 34.969, 34.952, 34.939, 34.932, 34.928, 34.921, 34.917, 34.916, 34.915, 34.915, 34.916, 34.917, 34.919, 34.922, 34.924, 34.927, 34.94, 34.953, 34.962, 34.969, 34.973, 34.975, 34.976, 34.977, 34.978]}, "surface": {"temperature": 30.474, "salinity": 36.218}, "n_levels": 500, "maxDepth": 1899.2, "d26": 147.7, "mld": 40, "profile_cycle": 184}}, {"type": "Feature", "geometry": {"type": "Point", "coordinates": [-90.0638, 25.2588]}, "properties": {"platform": "4903911", "time": "2026-10-02T23:41:07Z", "cycle": "72", "profile_time": "2026-10-02T23:41:07Z", "profile": {"depth": [0, 5, 10, 15, 20, 25, 30, 35, 40, 45, 50, 55, 60, 65, 70, 75, 80, 85, 90, 95, 100, 105, 110, 115, 120, 125, 130, 135, 140, 145, 150, 155, 160, 165, 170, 175, 180, 185, 190, 195, 200, 205, 210, 215, 220, 225, 230, 235, 240, 245, 250, 255, 260, 265, 270, 275, 280, 285, 290, 295, 300, 320, 340, 360, 380, 400, 420, 440, 460, 480, 500, 520, 540, 560, 580, 600, 620, 640, 660, 680, 700, 720, 740, 760, 780, 800, 820, 840, 860, 880, 900, 920, 940, 960, 980], "temperature": [29.805, 29.804, 29.814, 29.817, 29.816, 29.684, 29.045, 27.678, 25.754, 24.837, 24.052, 23.142, 22.092, 21.395, 21.022, 20.615, 20.091, 19.412, 18.754, 18.197, 17.626, 16.953, 16.387, 16.087, 15.954, 15.679, 15.153, 14.724, 14.468, 14.307, 14.227, 14.018, 13.81, 13.695, 13.617, 13.442, 13.298, 13.091, 13.012, 12.949, 12.917, 12.822, 12.67, 12.52, 12.426, 12.351, 12.262, 12.198, 12.138, 12.067, 12.036, 11.93, 11.865, 11.79, 11.711, 11.65, 11.572, 11.431, 11.337, 11.207, 11.116, 10.882, 10.558, 10.17, 9.826, 9.487, 9.117, 8.833, 8.612, 8.357, 8.134, 7.947, 7.727, 7.457, 7.326, 7.238, 7.088, 6.824, 6.579, 6.481, 6.376, 6.289, 6.138, 5.996, 5.871, 5.786, 5.694, 5.598, 5.528, 5.471, 5.407, 5.322, 5.229, 5.168, 5.128], "salinity": [36.498, 36.498, 36.498, 36.497, 36.498, 36.495, 36.492, 36.496, 36.523, 36.549, 36.565, 36.584, 36.58, 36.57, 36.559, 36.546, 36.518, 36.478, 36.423, 36.37, 36.304, 36.226, 36.163, 36.123, 36.099, 36.057, 35.979, 35.913, 35.873, 35.847, 35.834, 35.803, 35.773, 35.757, 35.743, 35.714, 35.693, 35.656, 35.645, 35.636, 35.632, 35.618, 35.597, 35.576, 35.562, 35.551, 35.539, 35.529, 35.52, 35.51, 35.504, 35.488, 35.478, 35.468, 35.457, 35.448, 35.436, 35.416, 35.401, 35.384, 35.371, 35.338, 35.293, 35.238, 35.196, 35.154, 35.111, 35.079, 35.052, 35.025, 35.005, 34.993, 34.971, 34.947, 34.943, 34.952, 34.944, 34.931, 34.92, 34.918, 34.923, 34.926, 34.928, 34.929, 34.931, 34.933, 34.935, 34.938, 34.94, 34.941, 34.942, 34.945, 34.948, 34.95, 34.951]}, "surface": {"temperature": 29.81, "salinity": 36.498}, "n_levels": 490, "maxDepth": 979.2, "d26": 39.4, "mld": 30, "profile_cycle": 72}}, {"type": "Feature", "geometry": {"type": "Point", "coordinates": [-82.5805, 18.1012]}, "properties": {"platform": "5907316", "time": "2026-10-05T05:06:33Z", "cycle": "21", "profile_time": "2026-10-05T05:06:33Z", "profile": {"depth": [0, 5, 10, 15, 20, 25, 30, 35, 40, 45, 50, 55, 60, 65, 70, 75, 80, 85, 90, 95, 100, 105, 110, 115, 120, 125, 130, 135, 140, 145, 150, 155, 160, 165, 170, 175, 180, 185, 190, 195, 200, 205, 210, 215, 220, 225, 230, 235, 240, 245, 250, 255, 260, 265, 270, 275, 280, 285, 290, 295, 300, 320, 340, 360, 380, 400, 420, 440, 460, 480, 500, 520, 540, 560, 580, 600, 620, 640, 660, 680, 700, 720, 740, 760, 780, 800, 820, 840, 860, 880, 900, 920, 940, 960, 980, 1000], "temperature": [29.486, 29.488, 29.492, 29.495, 29.518, 29.534, 29.516, 29.472, 29.427, 29.382, 29.192, 28.886, 28.483, 28.22, 28.063, 27.736, 27.433, 27.125, 26.978, 26.858, 26.58, 26.386, 26.115, 25.802, 25.478, 25.229, 25.053, 24.86, 24.465, 24.136, 24.09, 23.843, 23.266, 22.655, 22.177, 21.779, 21.585, 21.465, 21.348, 21.044, 20.869, 20.715, 20.587, 20.361, 20.139, 19.965, 19.757, 19.608, 19.536, 19.287, 19.111, 19.014, 18.863, 18.703, 18.393, 18.124, 17.97, 17.884, 17.707, 17.44, 16.994, 16.391, 15.752, 14.824, 13.883, 13.401, 12.616, 11.871, 11.311, 10.576, 10.122, 9.557, 9.164, 8.97, 8.753, 8.554, 8.195, 7.737, 7.53, 7.501, 7.147, 7.027, 6.729, 6.37, 6.256, 6.012, 5.904, 5.75, 5.565, 5.397, 5.291, 5.205, 5.113, 5.021, 4.97, 4.93], "salinity": [36.202, 36.202, 36.202, 36.202, 36.28, 36.338, 36.338, 36.359, 36.422, 36.475, 36.476, 36.507, 36.53, 36.55, 36.574, 36.616, 36.655, 36.67, 36.69, 36.707, 36.752, 36.777, 36.806, 36.853, 36.888, 36.918, 36.939, 36.954, 36.981, 37.008, 37.015, 37.013, 36.965, 36.932, 36.896, 36.886, 36.875, 36.862, 36.851, 36.826, 36.806, 36.789, 36.773, 36.751, 36.724, 36.704, 36.68, 36.659, 36.651, 36.622, 36.596, 36.576, 36.553, 36.532, 36.492, 36.457, 36.429, 36.415, 36.386, 36.344, 36.268, 36.162, 36.051, 35.895, 35.738, 35.657, 35.535, 35.426, 35.347, 35.235, 35.169, 35.093, 35.049, 35.025, 35.004, 34.989, 34.952, 34.898, 34.886, 34.907, 34.876, 34.88, 34.87, 34.857, 34.878, 34.866, 34.876, 34.885, 34.899, 34.911, 34.919, 34.925, 34.93, 34.935, 34.938, 34.941]}, "surface": {"temperature": 29.489, "salinity": 36.202}, "n_levels": 504, "maxDepth": 997.8, "d26": 111.8, "mld": 55, "profile_cycle": 21}}, {"type": "Feature", "geometry": {"type": "Point", "coordinates": [-82.1571, 18.3661]}, "properties": {"platform": "5907317", "time": "2026-10-04T01:32:24Z", "cycle": "25", "profile_time": "2026-10-04T01:32:24Z", "profile": {"depth": [0, 5, 10, 15, 20, 25, 30, 35, 40, 45, 50, 55, 60, 65, 70, 75, 80, 85, 90, 95, 100, 105, 110, 115, 120, 125, 130, 135, 140, 145, 150, 155, 160, 165, 170, 175, 180, 185, 190, 195, 200, 205, 210, 215, 220, 225, 230, 235, 240, 245, 250, 255, 260, 265, 270, 275, 280, 285, 290, 295, 300, 320, 340, 360, 380, 400, 420, 440, 460, 480, 500, 520, 540, 560, 580, 600, 620, 640, 660, 680, 700, 720, 740, 760, 780, 800, 820, 840, 860, 880, 900, 920, 940, 960, 980, 1000], "temperature": [29.562, 29.563, 29.555, 29.517, 29.404, 29.376, 29.385, 29.387, 29.402, 29.169, 28.979, 28.816, 28.614, 28.442, 28.205, 28.106, 27.943, 27.557, 27.349, 27.288, 27.224, 27.08, 26.998, 26.844, 26.449, 26.212, 26.145, 26.008, 25.666, 25.482, 25.257, 24.627, 24.409, 24.172, 23.928, 23.465, 23.16, 22.761, 22.533, 22.099, 21.392, 21.073, 20.808, 20.537, 20.394, 20.184, 19.895, 19.588, 19.382, 19.235, 19.061, 18.962, 18.782, 18.657, 18.518, 18.388, 18.279, 18.024, 17.769, 17.647, 17.284, 16.747, 15.84, 15.035, 14.663, 14.35, 14.058, 13.778, 13.26, 12.584, 11.939, 11.407, 10.781, 10.083, 9.754, 9.559, 9.29, 8.978, 8.432, 8.202, 7.913, 7.559, 7.213, 7.17, 7.065, 6.786, 6.523, 6.237, 6.148, 5.935, 5.713, 5.57, 5.402, 5.319, 5.231, 5.164], "salinity": [36.124, 36.124, 36.125, 36.129, 36.143, 36.156, 36.165, 36.172, 36.223, 36.298, 36.289, 36.288, 36.289, 36.33, 36.371, 36.424, 36.509, 36.609, 36.639, 36.648, 36.658, 36.686, 36.699, 36.724, 36.775, 36.806, 36.815, 36.833, 36.876, 36.895, 36.919, 36.972, 36.985, 36.992, 37.001, 37.007, 36.999, 36.978, 36.955, 36.929, 36.87, 36.838, 36.814, 36.779, 36.762, 36.735, 36.702, 36.665, 36.64, 36.623, 36.602, 36.588, 36.562, 36.544, 36.525, 36.505, 36.489, 36.448, 36.394, 36.371, 36.313, 36.221, 36.068, 35.931, 35.866, 35.813, 35.765, 35.717, 35.632, 35.528, 35.429, 35.35, 35.263, 35.164, 35.118, 35.096, 35.066, 35.036, 34.972, 34.959, 34.936, 34.905, 34.871, 34.893, 34.89, 34.87, 34.862, 34.859, 34.885, 34.887, 34.886, 34.897, 34.911, 34.919, 34.924, 34.928]}, "surface": {"temperature": 29.558, "salinity": 36.125}, "n_levels": 510, "maxDepth": 1009.6, "d26": 135.1, "mld": 50, "profile_cycle": 25}}, {"type": "Feature", "geometry": {"type": "Point", "coordinates": [-87.6954, 25.9503]}, "properties": {"platform": "7901009", "time": "2026-10-03T08:27:12Z", "cycle": "124", "profile_time": "2026-10-03T08:27:12Z", "profile": {"depth": [0, 5, 10, 15, 20, 25, 30, 35, 40, 45, 50, 55, 60, 65, 70, 75, 80, 85, 90, 95, 100, 105, 110, 115, 120, 125, 130, 135, 140, 145, 150, 155, 160, 165, 170, 175, 180, 185, 190, 195, 200, 205, 210, 215, 220, 225, 230, 235, 240, 245, 250, 255, 260, 265, 270, 275, 280, 285, 290, 295, 300, 320, 340, 360, 380, 400, 420, 440, 460, 480, 500, 520, 540, 560, 580, 600, 620, 640, 660, 680, 700, 720, 740, 760, 780, 800, 820, 840, 860, 880, 900, 920, 940, 960, 980, 1000, 1040, 1100, 1140, 1200, 1240, 1300, 1340, 1400, 1440, 1500, 1540, 1600, 1640, 1700, 1740, 1800, 1840, 1900, 1940, 2000], "temperature": [29.923, 29.936, 29.936, 29.942, 29.94, 29.941, 29.945, 29.949, 29.948, 29.949, 29.858, 29.221, 28.972, 28.816, 28.681, 28.527, 28.179, 27.727, 27.538, 27.213, 26.927, 26.383, 25.888, 25.635, 25.289, 24.655, 24.095, 23.814, 23.332, 22.828, 22.321, 21.945, 21.783, 21.523, 21.058, 20.534, 20.102, 19.677, 19.277, 19.045, 18.822, 18.602, 18.368, 18.197, 18.008, 17.867, 17.646, 17.498, 17.392, 17.12, 16.872, 16.599, 16.455, 16.197, 15.957, 15.755, 15.621, 15.486, 15.341, 15.053, 14.751, 14.232, 13.594, 12.978, 12.604, 12.37, 11.866, 11.299, 10.912, 10.47, 10.07, 9.724, 9.542, 9.167, 8.836, 8.517, 8.234, 7.931, 7.648, 7.423, 7.205, 6.978, 6.695, 6.513, 6.407, 6.302, 6.148, 6.001, 5.9, 5.779, 5.698, 5.617, 5.547, 5.457, 5.379, 5.281, 5.066, 4.877, 4.755, 4.633, 4.552, 4.484, 4.438, 4.405, 4.375, 4.357, 4.346, 4.337, 4.33, 4.321, 4.318, 4.313, 4.312, 4.312, 4.307, 4.307], "salinity": [36.235, 36.234, 36.235, 36.235, 36.235, 36.235, 36.236, 36.236, 36.236, 36.236, 36.231, 36.218, 36.233, 36.288, 36.292, 36.328, 36.329, 36.372, 36.413, 36.443, 36.541, 36.603, 36.644, 36.748, 36.798, 36.719, 36.623, 36.599, 36.574, 36.562, 36.542, 36.541, 36.612, 36.624, 36.597, 36.584, 36.58, 36.541, 36.511, 36.49, 36.469, 36.447, 36.419, 36.401, 36.381, 36.36, 36.324, 36.3, 36.285, 36.243, 36.201, 36.159, 36.137, 36.098, 36.057, 36.024, 36.0, 35.977, 35.953, 35.907, 35.852, 35.769, 35.667, 35.576, 35.518, 35.485, 35.409, 35.329, 35.277, 35.214, 35.162, 35.122, 35.098, 35.042, 35.004, 34.972, 34.943, 34.917, 34.899, 34.888, 34.879, 34.87, 34.863, 34.863, 34.864, 34.864, 34.865, 34.866, 34.868, 34.87, 34.872, 34.874, 34.876, 34.878, 34.881, 34.884, 34.89, 34.897, 34.902, 34.907, 34.911, 34.913, 34.916, 34.917, 34.919, 34.92, 34.92, 34.921, 34.921, 34.923, 34.922, 34.923, 34.923, 34.923, 34.924, 34.925]}, "surface": {"temperature": 29.935, "salinity": 36.235}, "n_levels": 511, "maxDepth": 1998.5, "d26": 108.9, "mld": 55, "profile_cycle": 124}}, {"type": "Feature", "geometry": {"type": "Point", "coordinates": [-93.6216, 25.6839]}, "properties": {"platform": "7902327", "time": "2026-09-30T05:44:20Z", "cycle": "14", "profile_time": "2026-09-30T05:44:20Z", "profile": {"depth": [0, 5, 10, 15, 20, 25, 30, 35, 40, 45, 50, 55, 60, 65, 70, 75, 80, 85, 90, 95, 100, 105, 110, 115, 120, 125, 130, 135, 140, 145, 150, 155, 160, 165, 170, 175, 180, 185, 190, 195, 200, 205, 210, 215, 220, 225, 230, 235, 240, 245, 250, 255, 260, 265, 270, 275, 280, 285, 290, 295, 300, 320, 340, 360, 380, 400, 420, 440, 460, 480, 500, 520, 540, 560, 580, 600, 620, 640, 660, 680, 700, 720, 740, 760, 780, 800, 820, 840, 860, 880, 900, 920, 940, 960, 980, 1000, 1040, 1100, 1140, 1200, 1240, 1300, 1340, 1400, 1440, 1500, 1560, 1600, 1640, 1700, 1740, 1800, 1840], "temperature": [30.79, 30.791, 30.793, 30.8, 30.801, 30.803, 30.801, 30.805, 29.137, 27.733, 27.035, 26.477, 25.804, 25.311, 24.794, 24.407, 24.121, 23.752, 23.326, 22.769, 22.388, 21.981, 21.643, 21.362, 20.89, 20.578, 20.293, 20.058, 19.822, 19.575, 19.346, 19.142, 19.005, 18.878, 18.784, 18.692, 18.538, 18.368, 18.207, 18.083, 17.952, 17.803, 17.622, 17.459, 17.298, 17.141, 17.028, 16.87, 16.748, 16.599, 16.391, 16.242, 16.106, 15.952, 15.828, 15.727, 15.637, 15.531, 15.423, 15.273, 15.086, 14.641, 14.044, 13.325, 12.657, 12.083, 11.569, 11.094, 10.656, 10.278, 9.867, 9.482, 9.135, 8.878, 8.559, 8.288, 8.003, 7.703, 7.455, 7.211, 6.952, 6.746, 6.586, 6.402, 6.245, 6.135, 6.06, 5.939, 5.852, 5.716, 5.616, 5.523, 5.436, 5.374, 5.319, 5.198, 5.028, 4.821, 4.675, 4.569, 4.504, 4.435, 4.412, 4.38, 4.357, 4.339, 4.332, 4.317, 4.305, 4.302, 4.299, 4.296, 4.296], "salinity": [36.722, 36.721, 36.721, 36.721, 36.722, 36.722, 36.724, 36.724, 36.564, 36.533, 36.6, 36.635, 36.65, 36.651, 36.655, 36.651, 36.645, 36.627, 36.611, 36.611, 36.608, 36.591, 36.626, 36.68, 36.664, 36.642, 36.633, 36.632, 36.622, 36.597, 36.575, 36.562, 36.564, 36.555, 36.555, 36.546, 36.526, 36.501, 36.477, 36.458, 36.438, 36.415, 36.388, 36.361, 36.335, 36.309, 36.29, 36.264, 36.244, 36.218, 36.184, 36.159, 36.136, 36.111, 36.091, 36.074, 36.059, 36.041, 36.023, 35.998, 35.967, 35.894, 35.799, 35.687, 35.588, 35.503, 35.426, 35.358, 35.297, 35.242, 35.186, 35.135, 35.093, 35.065, 35.031, 35.006, 34.981, 34.958, 34.942, 34.933, 34.922, 34.917, 34.913, 34.909, 34.91, 34.911, 34.912, 34.913, 34.914, 34.916, 34.919, 34.921, 34.923, 34.925, 34.927, 34.931, 34.937, 34.944, 34.95, 34.954, 34.957, 34.96, 34.961, 34.963, 34.964, 34.965, 34.966, 34.967, 34.967, 34.968, 34.968, 34.969, 34.969]}, "surface": {"temperature": 30.793, "salinity": 36.721}, "n_levels": 507, "maxDepth": 1849.9, "d26": 58.5, "mld": 40, "profile_cycle": 14}}, {"type": "Feature", "geometry": {"type": "Point", "coordinates": [-81.5844, 19.8079]}, "properties": {"platform": "7902352", "time": "2026-10-03T20:56:27Z", "cycle": "74", "profile_time": "2026-10-03T20:56:27Z", "profile": {"depth": [0, 5, 10, 15, 20, 25, 30, 35, 40, 45, 50, 55, 60, 65, 70, 75, 80, 85, 90, 95, 100, 105, 110, 115, 120, 125, 130, 135, 140, 145, 150, 155, 160, 165, 170, 175, 180, 185, 190, 195, 200, 205, 210, 215, 220, 225, 230, 235, 240, 245, 250, 255, 260, 265, 270, 275, 280, 285, 290, 295, 300, 320, 340, 360, 380, 400, 420, 440, 460, 480, 500, 520, 540, 560, 580, 600, 620, 640, 660, 680, 700, 720, 740, 760, 780, 800, 820, 840, 860, 880, 900, 920, 940, 960, 980, 1000, 1020], "temperature": [30.319, 30.32, 30.316, 30.306, 30.305, 30.3, 30.21, 29.997, 29.83, 29.637, 29.565, 29.532, 29.452, 29.391, 29.354, 29.136, 28.589, 28.306, 27.953, 27.767, 27.545, 27.349, 27.273, 27.125, 26.908, 26.523, 26.212, 26.038, 25.731, 25.429, 25.245, 25.087, 24.907, 24.695, 24.375, 24.046, 23.567, 23.325, 22.765, 22.448, 22.24, 21.992, 21.666, 21.452, 21.391, 21.319, 21.092, 20.832, 20.613, 20.316, 20.137, 19.947, 19.7, 19.515, 19.429, 19.29, 19.111, 18.994, 18.845, 18.715, 18.531, 18.155, 17.817, 17.356, 16.87, 16.405, 15.834, 15.215, 14.308, 13.494, 12.895, 12.422, 12.006, 11.637, 11.083, 10.655, 10.211, 9.742, 9.261, 8.874, 8.699, 8.386, 8.041, 7.698, 7.431, 7.107, 6.818, 6.563, 6.272, 6.079, 5.906, 5.743, 5.615, 5.466, 5.346, 5.227, 5.141], "salinity": [36.357, 36.357, 36.356, 36.356, 36.356, 36.356, 36.357, 36.336, 36.317, 36.303, 36.395, 36.412, 36.419, 36.421, 36.421, 36.415, 36.389, 36.358, 36.379, 36.389, 36.41, 36.469, 36.511, 36.535, 36.572, 36.627, 36.725, 36.808, 36.872, 36.903, 36.923, 36.931, 36.951, 36.975, 37.003, 37.029, 37.038, 37.016, 36.982, 36.966, 36.959, 36.944, 36.913, 36.888, 36.879, 36.873, 36.849, 36.816, 36.802, 36.779, 36.763, 36.742, 36.713, 36.694, 36.683, 36.663, 36.638, 36.62, 36.602, 36.591, 36.561, 36.511, 36.454, 36.37, 36.29, 36.214, 36.124, 36.024, 35.878, 35.725, 35.621, 35.544, 35.481, 35.433, 35.349, 35.291, 35.232, 35.167, 35.093, 35.05, 35.05, 35.018, 34.985, 34.953, 34.935, 34.917, 34.905, 34.901, 34.903, 34.908, 34.912, 34.915, 34.92, 34.926, 34.931, 34.937, 34.942]}, "surface": {"temperature": 30.317, "salinity": 36.356}, "n_levels": 512, "maxDepth": 1013.8, "d26": 135.6, "mld": 45, "profile_cycle": 74}}]}