{"type": "FeatureCollection", "features": [{"type": "Feature", "geometry": {"type": "LineString", "coordinates": [[-85.1426, 27.6184], [-85.28, 27.5244], [-85.5076, 27.441], [-85.6735, 27.4101], [-85.788, 27.3893], [-85.9158, 27.3539], [-86.0576, 27.3418], [-86.2175, 27.4058], [-86.295, 27.4527], [-86.3383, 27.4935], [-86.422, 27.6544], [-86.4678, 27.7648], [-86.4867, 27.8509], [-86.4859, 27.9018], [-86.4202, 27.9679], [-86.1484, 27.9722], [-85.8395, 28.0097], [-85.7551, 28.0162], [-85.6542, 28.0176], [-85.5663, 28.0231], [-85.5269, 27.9921], [-85.5758, 27.9498], [-85.6208, 27.9113], [-85.665, 27.8471], [-85.703, 27.7675], [-85.7328, 27.6649], [-85.796, 27.5213], [-85.8956, 27.3793], [-86.0126, 27.3469], [-86.1017, 27.4173], [-86.1957, 27.4905], [-86.3425, 27.587], [-86.4859, 27.6596], [-86.6232, 27.7288], [-86.6517, 27.7902], [-86.4357, 27.8986], [-86.4711, 27.9533], [-86.4857, 27.9712], [-86.4831, 27.9859], [-86.4454, 27.9796], [-86.373, 27.9588], [-86.3481, 27.9505], [-86.3198, 27.9454], [-86.2938, 27.9414], [-86.2231, 27.9186], [-86.2086, 27.909], [-86.1837, 27.9027], [-86.1601, 27.9008], [-86.129, 27.8936], [-86.1034, 27.8856], [-86.0767, 27.8781], [-86.0571, 27.8713], [-86.0386, 27.8685], [-86.0157, 27.8672], [-85.9936, 27.8661], [-85.9685, 27.8625], [-85.9469, 27.8565], [-85.9255, 27.8539], [-85.8997, 27.8522], [-85.8176, 27.8469], [-85.8521, 27.8281], [-85.8919, 27.8152], [-85.9192, 27.8065], [-85.9456, 27.7822], [-86.0061, 27.7444], [-86.0726, 27.7132], [-86.1376, 27.6886], [-86.1887, 27.6745], [-86.2106, 27.6811], [-86.2335, 27.6942], [-86.2561, 27.7059], [-86.2771, 27.7167], [-86.2972, 27.7247], [-86.316, 27.7308], [-86.3432, 27.7362], [-86.3628, 27.7479], [-86.3814, 27.7649], [-86.3965, 27.7756], [-86.4169, 27.7798], [-86.4463, 27.7956], [-86.47, 27.8134], [-86.4826, 27.8197], [-86.4949, 27.8205], [-86.5033, 27.8269], [-86.5111, 27.8346], [-86.5215, 27.8415], [-86.5299, 27.8396], [-86.5308, 27.8418], [-86.5194, 27.8191], [-86.4913, 27.7877], [-86.4646, 27.7555], [-86.4352, 27.7251], [-86.4116, 27.6976], [-86.3941, 27.6715], [-86.3769, 27.6529], [-86.3406, 27.6277], [-86.2976, 27.599], [-86.2569, 27.5625], [-86.2101, 27.5476], [-86.1762, 27.5377], [-86.173, 27.5373], [-86.1841, 27.5417], [-86.1916, 27.554], [-86.1942, 27.571], [-86.1949, 27.5822], [-86.1975, 27.5761], [-86.2006, 27.5804], [-86.2054, 27.6013], [-86.2148, 27.6342], [-86.2166, 27.6313], [-86.2169, 27.6378], [-86.2145, 27.6471], [-86.212, 27.6491], [-86.2062, 27.6548], [-86.2016, 27.6633], [-86.1979, 27.6701], [-86.1951, 27.6735], [-86.1849, 27.6657], [-86.1589, 27.6412], [-86.1315, 27.6175], [-86.0702, 27.5834], [-86.01, 27.564], [-85.9744, 27.5704], [-85.9674, 27.5836], [-85.9577, 27.595], [-85.9407, 27.6132], [-85.9247, 27.632], [-85.9194, 27.6388], [-85.9118, 27.6542], [-85.9021, 27.6691], [-85.8915, 27.6836], [-85.8812, 27.6948], [-85.8723, 27.7048], [-85.8608, 27.7225], [-85.8515, 27.739], [-85.8392, 27.7622], [-85.825, 27.7787], [-85.8093, 27.8073], [-85.8111, 27.8295], [-85.8465, 27.8331], [-86.0028, 27.8145], [-86.0938, 27.8147], [-86.1159, 27.8211], [-86.1302, 27.8251], [-86.1245, 27.8103], [-86.1077, 27.7722], [-86.088, 27.73], [-86.0696, 27.6904], [-86.0485, 27.6566], [-86.0278, 27.6271], [-85.9921, 27.5895], [-85.9648, 27.5707], [-85.9456, 27.5758], [-85.9373, 27.5803], [-85.9331, 27.5859], [-85.9269, 27.5926], [-85.9171, 27.6031], [-85.9092, 27.6077], [-85.9027, 27.6103], [-85.9, 27.6197], [-85.8921, 27.6348], [-85.884, 27.6473], [-85.8683, 27.6581], [-85.8601, 27.6661], [-85.8513, 27.6817], [-85.8458, 27.695], [-85.8359, 27.7123], [-85.8248, 27.725], [-85.8152, 27.7421], [-85.8099, 27.7531], [-85.805, 27.7699], [-85.801, 27.7889], [-85.7953, 27.8127], [-85.8017, 27.8252], [-85.8269, 27.8227], [-85.8741, 27.8149], [-85.9205, 27.8096], [-85.947, 27.8072], [-85.9703, 27.8031], [-86.0138, 27.8003], [-86.0564, 27.8042], [-86.0815, 27.8143], [-86.1015, 27.8256], [-86.1034, 27.8054], [-86.0764, 27.7556], [-86.0432, 27.7133], [-86.0289, 27.6911], [-86.0154, 27.6662], [-86.0034, 27.6432], [-85.9918, 27.6238], [-85.98, 27.6079], [-85.9663, 27.5942], [-85.9515, 27.6081], [-85.9418, 27.635], [-85.9385, 27.6521], [-85.9318, 27.6766], [-85.9284, 27.7045], [-85.9211, 27.734], [-85.91, 27.7582], [-85.8977, 27.7803], [-85.8889, 27.7963], [-85.8758, 27.833], [-85.858, 27.8468], [-85.8426, 27.8522], [-85.8292, 27.8517], [-85.8211, 27.8464], [-85.8206, 27.8447], [-85.8578, 27.8507], [-85.9087, 27.8557], [-85.9459, 27.8588], [-85.9882, 27.8572], [-86.0296, 27.8542], [-86.0913, 27.8533], [-86.1242, 27.8522], [-86.1276, 27.8366], [-86.1266, 27.823], [-86.1273, 27.8018], [-86.1296, 27.7854], [-86.1269, 27.7669], [-86.1279, 27.7556], [-86.127, 27.742], [-86.1188, 27.7334], [-86.1063, 27.7185], [-86.0966, 27.7048], [-86.0893, 27.6829], [-86.0845, 27.6749], [-86.0716, 27.6629], [-86.0598, 27.6541], [-86.0196, 27.6293], [-86.0063, 27.6224], [-85.9898, 27.6065], [-85.9735, 27.5925], [-85.9665, 27.6196], [-85.959, 27.6501], [-85.9446, 27.6818], [-85.9323, 27.7057], [-85.9055, 27.7653], [-85.8901, 27.7879], [-85.8666, 27.8085], [-85.8442, 27.8235], [-85.82, 27.8374], [-85.8166, 27.8431], [-85.8485, 27.8468], [-85.8795, 27.8477], [-85.9125, 27.8505], [-85.9378, 27.8528], [-85.9696, 27.8547], [-85.9989, 27.8564], [-86.0356, 27.8603], [-86.0644, 27.8635], [-86.0964, 27.8617], [-86.1177, 27.855], [-86.1227, 27.8447], [-86.1035, 27.8286], [-86.0901, 27.8122], [-86.0826, 27.8021], [-86.0773, 27.7963], [-86.0722, 27.7924], [-86.0646, 27.7819], [-86.0582, 27.7728], [-86.0558, 27.7658], [-86.0532, 27.7544], [-86.0494, 27.7407], [-86.0476, 27.7313], [-86.0466, 27.7276], [-86.0434, 27.7202], [-86.0382, 27.7066], [-86.0347, 27.6952], [-86.0355, 27.6827], [-86.0345, 27.675], [-86.0163, 27.6449], [-85.9911, 27.6073], [-85.9851, 27.6003], [-85.9772, 27.5939], [-85.968, 27.5982], [-85.9595, 27.6234], [-85.9595, 27.6518], [-85.9554, 27.678], [-85.947, 27.7051], [-85.9396, 27.728], [-85.9277, 27.7543], [-85.9117, 27.7709], [-85.8921, 27.7855], [-85.8761, 27.7963], [-85.8584, 27.8099], [-85.8384, 27.8222], [-85.8126, 27.8334], [-85.8109, 27.8394], [-85.8391, 27.8412], [-85.8674, 27.839], [-85.902, 27.8369], [-85.9325, 27.8343], [-85.9385, 27.829], [-85.9167, 27.8399], [-85.8877, 27.8443], [-85.8628, 27.8457], [-85.8379, 27.8451], [-85.818, 27.8381], [-85.7988, 27.8238], [-85.7879, 27.8113], [-85.7834, 27.8059]]}, "properties": {"kind": "track", "id": "ng1260", "operator": "US Navy (NAVOCEANO)", "color": "#ff8a3d", "dataset": "ng1260-20260626T0000", "vals": {"temperature": [25.655, 25.517, 23.416, 21.775, 21.715, 21.928, 22.312, 22.6, 21.788, 21.843, 22.675, 22.761, 22.589, 22.228, 22.186, 21.819, 22.941, 22.939, 22.97, 24.157, 24.072, 21.841, 21.838, 21.866, 20.626, 20.923, 21.157, 21.52, 21.77, 21.744, 21.624, 21.444, 21.338, 21.635, 23.379, 28.25, 14.183, 23.032, 23.176, 23.227, 12.231, 23.338, 22.991, 21.474, 15.553, 23.193, 23.001, 17.382, 21.148, 22.708, 22.823, 12.034, 23.029, 22.827, 22.809, 12.392, 22.642, 22.936, 22.905, 13.127, 22.607, 22.709, 22.662, 14.509, 23.281, 22.899, 18.255, 20.765, 23.699, 23.433, 12.419, 23.618, 23.473, 23.766, 14.499, 23.49, 23.306, 15.302, 23.48, 23.695, 23.909, 13.2, 23.995, 24.324, 23.793, 12.549, 24.029, 24.306, 23.902, 14.839, 23.847, 23.786, 23.635, 14.244, 23.83, 23.8, 23.892, 12.882, 23.711, 23.698, 21.661, 17.618, 23.396, 23.661, 18.916, 20.192, 23.852, 23.755, 16.345, 23.732, 23.735, 23.972, 12.362, 23.887, 24.232, 24.048, 13.428, 23.582, 23.411, 23.357, 14.537, 23.792, 23.926, 13.439, 24.041, 24.135, 23.692, 12.222, 23.327, 23.837, 23.923, 11.946, 23.686, 23.682, 23.143, 14.293, 23.438, 23.247, 21.672, 15.44, 23.768, 24.709, 15.587, 24.663, 24.61, 25.107, 12.089, 25.087, 24.987, 21.286, 19.599, 25.267, 25.31, 19.603, 21.403, 24.555, 24.663, 22.912, 18.116, 24.661, 24.559, 18.672, 21.085, 24.019, 24.195, 22.473, 17.591, 23.911, 23.84, 17.424, 22.198, 23.758, 23.613, 14.856, 23.209, 23.811, 24.01, 13.237, 23.805, 23.544, 23.762, 12.903, 23.595, 23.615, 23.897, 12.81, 23.514, 23.582, 23.269, 15.562, 23.508, 23.513, 17.881, 20.816, 23.685, 23.439, 13.512, 23.444, 23.887, 23.618, 12.617, 23.802, 23.394, 23.399, 12.208, 23.215, 23.446, 23.341, 12.751, 23.466, 23.941, 22.62, 15.258, 23.41, 23.24, 23.441, 15.227, 23.244, 23.289, 20.089, 19.021, 23.4, 23.674, 22.841, 16.647, 23.746, 23.737, 19.796, 19.49, 23.7, 23.437, 16.52, 21.693, 23.282, 23.486, 17.646, 21.082, 23.482, 23.531, 17.666, 19.546, 23.311, 23.21, 21.098, 17.026, 23.246, 23.21, 23.375, 13.914, 23.368, 23.27, 22.784, 13.829, 23.142, 23.092, 22.572, 15.518, 23.471, 23.169, 22.863, 14.167, 22.982, 23.134, 22.964, 13.416, 22.979, 22.982, 22.955, 14.418, 23.142, 22.953, 22.199, 15.149, 22.905, 22.471, 22.356, 15.575, 22.703, 23.12, 22.5, 14.596, 23.343, 22.685, 22.672, 14.863, 23.236, 22.898, 21.373, 16.856, 22.921, 22.916, 22.908, 15.809, 23.164, 22.913, 18.87, 19.559, 22.954, 22.948, 19.201, 29.389], "salinity": [36.562, 36.613, 36.569, 36.499, 36.534, 36.513, 36.483, 36.471, 36.445, 36.385, 36.533, 36.533, 36.5, 36.484, 36.494, 36.432, 36.351, 36.278, 36.246, 36.187, 36.266, 36.343, 36.324, 36.291, 36.264, 36.238, 36.28, 36.308, 36.434, 36.408, 36.372, 36.339, 36.286, 36.333, 36.448, 35.781, 35.811, 36.236, 36.234, 36.274, 35.506, 36.305, 36.326, 36.371, 35.98, 36.286, 36.28, 36.186, 36.115, 36.301, 36.321, 35.48, 36.318, 36.293, 36.294, 35.534, 36.322, 36.322, 36.348, 35.656, 36.35, 36.378, 36.292, 35.86, 36.292, 36.269, 36.261, 36.005, 36.203, 36.252, 35.539, 36.262, 36.271, 36.297, 35.863, 36.315, 36.25, 35.976, 36.205, 36.274, 36.332, 35.656, 36.311, 36.277, 36.356, 35.557, 36.281, 36.26, 36.229, 35.907, 36.25, 36.26, 36.249, 35.821, 36.267, 36.229, 36.249, 35.616, 36.343, 36.305, 36.267, 36.12, 36.364, 36.359, 36.241, 36.088, 36.331, 36.281, 36.095, 36.174, 36.243, 36.202, 35.528, 36.226, 36.191, 36.145, 35.7, 36.175, 36.203, 36.189, 35.866, 36.266, 36.267, 35.698, 36.291, 36.201, 36.243, 35.506, 36.194, 36.166, 36.193, 35.466, 36.196, 36.229, 36.235, 35.825, 36.211, 36.23, 36.207, 35.979, 36.236, 36.283, 35.99, 36.4, 36.439, 36.427, 35.487, 36.413, 36.403, 36.359, 36.13, 36.418, 36.384, 36.281, 36.151, 36.389, 36.358, 36.292, 36.179, 36.388, 36.396, 36.25, 36.185, 36.399, 36.364, 36.252, 36.175, 36.373, 36.369, 36.173, 36.154, 36.328, 36.292, 35.896, 36.29, 36.453, 36.561, 35.666, 36.577, 36.545, 36.522, 35.609, 36.503, 36.502, 36.499, 35.595, 36.497, 36.499, 36.459, 36.011, 36.496, 36.534, 36.243, 36.277, 36.534, 36.373, 35.708, 36.357, 36.388, 36.434, 35.569, 36.394, 36.367, 36.376, 35.516, 36.375, 36.345, 36.369, 35.595, 36.326, 36.442, 36.394, 35.968, 36.457, 36.472, 36.439, 35.967, 36.459, 36.426, 36.314, 36.127, 36.442, 36.456, 36.349, 36.158, 36.486, 36.532, 36.323, 36.243, 36.541, 36.522, 36.133, 36.338, 36.547, 36.513, 36.214, 36.26, 36.493, 36.469, 36.612, 36.493, 36.468, 36.502, 36.302, 36.065, 36.434, 36.456, 36.496, 35.769, 36.486, 36.446, 36.409, 35.756, 36.491, 36.46, 36.363, 35.996, 36.44, 36.434, 36.43, 35.811, 36.445, 36.418, 36.403, 35.693, 36.436, 36.428, 36.398, 35.849, 36.419, 36.417, 36.35, 35.947, 36.429, 36.422, 36.318, 36.007, 36.398, 36.42, 36.337, 35.874, 36.405, 36.414, 36.384, 35.915, 36.463, 36.358, 36.213, 36.135, 36.419, 36.412, 36.375, 36.054, 36.397, 36.349, 36.271, 36.008, 36.332, 36.309, 36.173, 34.826], "density": [1024.482, 1024.581, 1025.281, 1025.785, 1025.824, 1025.751, 1025.614, 1025.532, 1025.805, 1025.733, 1025.571, 1025.518, 1025.537, 1025.645, 1025.661, 1025.723, 1025.242, 1025.184, 1025.152, 1024.701, 1024.777, 1025.562, 1025.567, 1025.524, 1025.928, 1025.821, 1025.787, 1025.713, 1025.737, 1025.717, 1025.73, 1025.757, 1025.748, 1025.692, 1025.196, 1023.006, 1027.94, 1025.149, 1025.099, 1025.1, 1028.426, 1025.088, 1025.219, 1025.735, 1027.536, 1025.118, 1025.176, 1027.039, 1025.691, 1025.284, 1025.265, 1028.401, 1025.189, 1025.233, 1025.242, 1028.3, 1025.321, 1025.214, 1025.236, 1028.104, 1025.335, 1025.328, 1025.292, 1027.78, 1025.096, 1025.209, 1026.83, 1025.766, 1024.896, 1025.017, 1028.383, 1024.967, 1025.027, 1024.953, 1027.892, 1025.06, 1025.062, 1027.691, 1024.99, 1024.967, 1024.941, 1028.24, 1024.901, 1024.768, 1025.004, 1028.403, 1024.874, 1024.779, 1024.885, 1027.827, 1024.904, 1024.933, 1024.978, 1027.941, 1024.917, 1024.888, 1024.88, 1028.252, 1025.0, 1024.978, 1025.677, 1026.973, 1025.129, 1025.03, 1026.59, 1026.043, 1024.959, 1024.951, 1027.41, 1024.887, 1024.939, 1024.824, 1028.381, 1024.874, 1024.743, 1024.759, 1028.13, 1024.937, 1025.012, 1025.019, 1027.86, 1024.926, 1024.881, 1028.116, 1024.866, 1024.767, 1024.941, 1028.42, 1025.031, 1024.841, 1024.825, 1028.493, 1024.897, 1024.921, 1025.114, 1027.875, 1024.989, 1025.064, 1025.58, 1027.566, 1024.917, 1024.675, 1027.603, 1024.771, 1024.826, 1024.661, 1028.448, 1024.662, 1024.688, 1025.939, 1026.335, 1024.609, 1024.561, 1026.439, 1025.699, 1024.811, 1024.747, 1025.292, 1026.871, 1024.761, 1024.793, 1026.725, 1025.829, 1024.973, 1024.88, 1025.38, 1027.014, 1024.973, 1024.993, 1027.056, 1025.388, 1024.987, 1025.001, 1027.705, 1025.141, 1025.069, 1025.079, 1028.156, 1025.164, 1025.222, 1025.121, 1028.273, 1025.16, 1025.15, 1025.054, 1028.291, 1025.184, 1025.166, 1025.243, 1027.593, 1025.184, 1025.208, 1026.958, 1025.965, 1025.16, 1025.109, 1028.024, 1025.093, 1024.983, 1025.106, 1028.224, 1025.0, 1025.117, 1025.126, 1028.294, 1025.182, 1025.084, 1025.137, 1028.161, 1025.06, 1025.009, 1025.401, 1027.625, 1025.173, 1025.248, 1025.173, 1027.69, 1025.249, 1025.184, 1026.226, 1026.454, 1025.185, 1025.101, 1025.293, 1027.308, 1025.104, 1025.143, 1026.332, 1026.389, 1025.165, 1025.218, 1027.332, 1025.687, 1025.307, 1025.21, 1026.997, 1025.82, 1025.186, 1025.16, 1027.198, 1026.554, 1025.213, 1025.28, 1025.842, 1027.075, 1025.217, 1025.245, 1025.221, 1027.93, 1025.214, 1025.212, 1025.342, 1027.964, 1025.283, 1025.266, 1025.385, 1027.579, 1025.137, 1025.233, 1025.323, 1027.902, 1025.296, 1025.222, 1025.276, 1028.085, 1025.294, 1025.283, 1025.277, 1027.857, 1025.224, 1025.28, 1025.486, 1027.635, 1025.3, 1025.433, 1025.409, 1027.523, 1025.351, 1025.241, 1025.387, 1027.797, 1025.165, 1025.376, 1025.37, 1027.743, 1025.237, 1025.271, 1025.68, 1027.188, 1025.302, 1025.305, 1025.284, 1027.513, 1025.214, 1025.256, 1026.593, 1026.158, 1025.241, 1025.214, 1026.412, 1021.81], "conductivity": [55.904, 55.844, 53.537, 51.721, 51.696, 51.9, 52.262, 52.545, 51.657, 51.63, 52.717, 52.799, 52.58, 52.183, 52.144, 51.672, 52.708, 52.603, 52.588, 53.756, 53.78, 51.536, 51.504, 51.486, 50.171, 50.445, 50.751, 51.182, 51.616, 51.556, 51.381, 51.143, 50.955, 51.327, 53.312, 57.588, 43.141, 52.638, 52.785, 52.894, 40.896, 53.065, 52.727, 51.215, 44.715, 52.887, 52.678, 46.776, 50.571, 52.394, 52.549, 40.673, 52.759, 52.514, 52.497, 41.074, 52.36, 52.672, 52.671, 41.93, 52.365, 52.505, 52.361, 43.53, 52.989, 52.554, 47.77, 50.036, 53.3, 33.181, 4.112, 5.331, 5.316, 5.351, 4.351, 5.325, 5.295, 4.443, 5.31, 5.341, 5.372, 4.2, 5.378, 5.408, 5.362, 4.126, 5.377, 5.403, 5.357, 4.391, 5.353, 5.348, 5.331, 4.322, 5.354, 5.345, 5.358, 4.166, 5.353, 5.346, 5.131, 4.698, 5.322, 5.35, 4.843, 4.958, 5.366, 5.349, 4.562, 5.333, 5.341, 5.36, 4.105, 5.354, 5.386, 5.359, 4.229, 5.314, 5.3, 5.293, 4.357, 5.35, 5.365, 4.229, 5.381, 5.377, 5.336, 4.089, 5.29, 5.34, 5.353, 4.059, 5.329, 5.333, 5.279, 4.328, 5.304, 5.286, 5.121, 4.46, 5.343, 5.451, 4.475, 5.464, 5.463, 5.515, 4.074, 5.51, 5.498, 5.106, 4.906, 5.531, 5.53, 4.922, 5.095, 5.45, 5.457, 5.267, 4.757, 5.462, 5.452, 4.821, 5.066, 5.395, 5.408, 5.214, 4.701, 5.378, 5.37, 4.683, 5.175, 5.355, 5.334, 4.392, 5.294, 5.379, 5.415, 4.206, 5.395, 5.363, 5.383, 4.166, 5.363, 5.365, 5.395, 4.155, 5.353, 5.361, 5.324, 4.476, 5.353, 5.358, 4.737, 5.05, 5.376, 5.328, 4.237, 5.326, 5.378, 5.356, 4.133, 5.369, 5.322, 5.324, 4.09, 5.305, 5.324, 5.316, 4.15, 5.323, 5.391, 5.248, 4.441, 5.336, 5.32, 5.339, 4.437, 5.32, 5.32, 4.974, 4.844, 5.334, 5.366, 5.265, 4.6, 5.376, 5.382, 4.946, 4.907, 5.379, 5.348, 4.585, 5.147, 5.335, 5.352, 4.71, 5.074, 5.35, 5.353, 4.759, 4.943, 5.329, 5.323, 5.08, 4.634, 5.317, 5.316, 5.338, 4.283, 5.335, 5.32, 5.264, 4.273, 5.312, 5.303, 5.239, 4.469, 5.341, 5.308, 5.275, 4.312, 5.289, 5.302, 5.281, 4.225, 5.287, 5.286, 5.281, 4.343, 5.302, 5.282, 5.198, 4.426, 5.28, 5.233, 5.21, 4.474, 5.254, 5.3, 5.226, 4.363, 5.321, 5.253, 5.25, 4.395, 5.317, 5.267, 5.093, 4.621, 5.278, 5.277, 5.272, 4.503, 5.301, 5.267, 4.842, 4.882, 5.269, 5.265, 4.865, 5.744]}, "times": ["2026-06-27T00:51", "2026-06-27T20:49", "2026-06-29T03:16", "2026-06-30T03:43", "2026-06-30T19:59", "2026-07-01T12:09", "2026-07-02T09:36", "2026-07-04T09:04", "2026-07-05T06:14", "2026-07-06T06:29", "2026-07-08T15:58", "2026-07-10T09:39", "2026-07-11T22:24", "2026-07-13T00:50", "2026-07-14T13:29", "2026-07-15T15:18", "2026-07-17T19:06", "2026-07-18T11:03", "2026-07-19T07:15", "2026-07-20T01:49", "2026-07-20T17:30", "2026-07-21T12:35", "2026-07-22T03:42", "2026-07-22T22:55", "2026-07-23T15:57", "2026-07-24T06:50", "2026-07-25T05:58", "2026-07-26T08:18", "2026-07-27T04:48", "2026-07-27T19:48", "2026-07-28T10:53", "2026-07-29T07:04", "2026-07-29T22:15", "2026-07-30T18:35", "2026-07-31T09:42", "2026-08-05T23:06", "2026-08-06T23:50", "2026-08-07T02:57", "2026-08-07T08:23", "2026-08-07T10:48", "2026-08-07T19:14", "2026-08-08T00:47", "2026-08-08T03:16", "2026-08-08T08:50", "2026-08-08T17:01", "2026-08-08T23:39", "2026-08-09T02:05", "2026-08-09T07:28", "2026-08-09T10:32", "2026-08-09T16:10", "2026-08-09T18:42", "2026-08-09T21:45", "2026-08-10T03:13", "2026-08-10T05:39", "2026-08-10T10:59", "2026-08-10T14:00", "2026-08-10T19:25", "2026-08-10T21:48", "2026-08-11T03:19", "2026-08-11T16:50", "2026-08-12T03:21", "2026-08-12T05:47", "2026-08-12T10:58", "2026-08-12T14:24", "2026-08-13T01:08", "2026-08-13T03:36", "2026-08-13T14:24", "2026-08-13T22:48", "2026-08-14T04:18", "2026-08-14T06:50", "2026-08-14T12:30", "2026-08-14T15:33", "2026-08-14T18:01", "2026-08-14T23:44", "2026-08-15T02:52", "2026-08-15T08:32", "2026-08-15T11:02", "2026-08-15T16:31", "2026-08-15T19:29", "2026-08-16T06:30", "2026-08-16T09:01", "2026-08-16T12:04", "2026-08-16T17:22", "2026-08-16T19:47", "2026-08-17T01:05", "2026-08-17T09:21", "2026-08-17T20:19", "2026-08-17T22:50", "2026-08-18T04:19", "2026-08-18T07:16", "2026-08-18T12:59", "2026-08-18T15:24", "2026-08-18T20:44", "2026-08-18T23:35", "2026-08-19T04:56", "2026-08-19T07:22", "2026-08-19T17:49", "2026-08-20T02:09", "2026-08-20T12:56", "2026-08-20T15:25", "2026-08-20T20:49", "2026-08-20T23:43", "2026-08-21T05:04", "2026-08-21T07:27", "2026-08-21T12:53", "2026-08-21T15:48", "2026-08-21T21:11", "2026-08-21T23:37", "2026-08-22T21:16", "2026-08-23T00:19", "2026-08-23T05:44", "2026-08-23T08:11", "2026-08-23T13:48", "2026-08-23T22:07", "2026-08-24T00:36", "2026-08-24T06:06", "2026-08-24T09:12", "2026-08-24T14:44", "2026-08-24T17:10", "2026-08-24T22:30", "2026-08-25T06:36", "2026-08-25T23:17", "2026-08-26T01:51", "2026-08-26T07:28", "2026-08-26T10:29", "2026-08-26T21:07", "2026-08-26T23:35", "2026-08-27T02:47", "2026-08-27T08:02", "2026-08-27T13:19", "2026-08-27T15:47", "2026-08-27T18:54", "2026-08-28T00:37", "2026-08-28T03:04", "2026-08-28T08:28", "2026-08-28T11:24", "2026-08-28T16:40", "2026-08-28T19:05", "2026-08-29T05:52", "2026-08-29T09:00", "2026-08-30T23:35", "2026-08-31T02:05", "2026-08-31T07:37", "2026-08-31T10:48", "2026-08-31T16:10", "2026-08-31T18:36", "2026-08-31T21:47", "2026-09-01T03:10", "2026-09-01T05:42", "2026-09-01T11:16", "2026-09-01T14:26", "2026-09-01T19:55", "2026-09-01T22:19", "2026-09-02T03:44", "2026-09-02T06:42", "2026-09-02T12:07", "2026-09-02T14:30", "2026-09-02T19:48", "2026-09-02T22:52", "2026-09-03T04:17", "2026-09-03T06:43", "2026-09-03T12:02", "2026-09-03T14:55", "2026-09-03T20:18", "2026-09-03T22:40", "2026-09-04T03:55", "2026-09-04T06:54", "2026-09-04T12:20", "2026-09-04T14:46", "2026-09-04T20:06", "2026-09-04T23:09", "2026-09-05T04:35", "2026-09-05T06:58", "2026-09-05T12:30", "2026-09-05T15:30", "2026-09-06T02:00", "2026-09-06T04:24", "2026-09-06T09:49", "2026-09-06T12:46", "2026-09-06T23:23", "2026-09-07T01:45", "2026-09-07T07:12", "2026-09-07T10:10", "2026-09-07T12:37", "2026-09-08T04:42", "2026-09-08T12:57", "2026-09-08T18:28", "2026-09-08T20:58", "2026-09-09T02:23", "2026-09-09T05:21", "2026-09-09T10:46", "2026-09-09T13:11", "2026-09-09T18:45", "2026-09-09T21:32", "2026-09-10T03:09", "2026-09-10T05:36", "2026-09-10T11:10", "2026-09-10T14:13", "2026-09-10T16:44", "2026-09-10T22:08", "2026-09-11T03:23", "2026-09-11T11:27", "2026-09-11T13:56", "2026-09-11T19:23", "2026-09-11T22:21", "2026-09-12T03:48", "2026-09-12T06:15", "2026-09-12T11:38", "2026-09-12T14:30", "2026-09-12T19:58", "2026-09-12T22:27", "2026-09-13T04:02", "2026-09-13T07:05", "2026-09-13T12:37", "2026-09-13T15:01", "2026-09-13T20:14", "2026-09-13T23:12", "2026-09-14T04:42", "2026-09-14T07:09", "2026-09-14T12:47", "2026-09-14T15:42", "2026-09-14T21:10", "2026-09-14T23:34", "2026-09-15T04:46", "2026-09-15T13:14", "2026-09-15T18:36", "2026-09-15T21:04", "2026-09-16T02:25", "2026-09-16T15:59", "2026-09-16T21:25", "2026-09-16T23:52", "2026-09-17T10:16", "2026-09-17T13:10", "2026-09-17T18:29", "2026-09-17T20:51", "2026-09-18T02:26", "2026-09-18T10:37", "2026-09-18T15:59", "2026-09-18T18:23", "2026-09-18T23:38", "2026-09-19T02:30", "2026-09-19T07:49", "2026-09-19T10:16", "2026-09-19T15:33", "2026-09-19T18:25", "2026-09-19T23:47", "2026-09-20T02:11", "2026-09-20T07:29", "2026-09-20T10:34", "2026-09-20T15:57", "2026-09-20T18:21", "2026-09-20T23:45", "2026-09-21T02:37", "2026-09-21T12:55", "2026-09-21T15:22", "2026-09-21T20:46", "2026-09-21T23:43", "2026-09-22T05:17", "2026-09-22T07:39", "2026-09-22T12:53", "2026-09-22T16:00", "2026-09-22T21:28", "2026-09-22T23:52", "2026-09-23T05:12", "2026-09-23T08:04", "2026-09-23T13:23", "2026-09-23T15:51", "2026-09-23T21:27", "2026-09-24T00:24", "2026-09-24T05:43", "2026-09-24T08:08", "2026-09-25T05:05", "2026-09-25T08:01", "2026-09-25T13:23", "2026-09-25T15:47", "2026-09-25T21:15", "2026-09-26T00:22", "2026-09-26T05:34", "2026-09-26T07:56", "2026-09-26T13:15", "2026-09-26T16:15", "2026-09-26T21:29", "2026-09-26T23:55", "2026-09-27T05:17", "2026-09-27T08:11", "2026-09-27T13:40", "2026-09-27T16:06", "2026-09-27T21:24", "2026-09-28T00:19", "2026-09-28T05:35", "2026-09-28T07:57", "2026-09-28T13:13", "2026-09-28T16:17", "2026-09-28T21:34", "2026-09-29T00:02", "2026-09-29T05:25", "2026-09-29T08:26", "2026-09-29T13:48", "2026-09-29T16:09", "2026-09-29T21:40", "2026-09-29T21:40"]}}, {"type": "Feature", "geometry": {"type": "Point", "coordinates": [-85.7834, 27.8059]}, "properties": {"kind": "now", "id": "ng1260", "operator": "US Navy (NAVOCEANO)", "color": "#ff8a3d", "dataset": "ng1260-20260626T0000", "time": "2026-09-29T21:40:53Z", "n": 1944613, "maxDepth": 958.4, "surface": {"temperature": 29.406, "salinity": 35.305, "density": 1022.236, "conductivity": 5.817}, "profile": {"depth": [0, 5, 10, 15, 20, 25, 30, 35, 40, 45, 50, 55, 60, 65, 70, 75, 80, 85, 90, 95, 100, 105, 110, 115, 120, 125], "temperature": [29.415, 29.426, 29.44, 29.437, 29.584, 29.089, 27.675, 26.705, 26.177, 25.418, 24.354, 23.642, 23.021, 22.491, 21.811, 21.592, 21.409, 21.034, 20.634, 20.261, 19.905, 19.734, 19.504, 19.159, 18.85, 18.574], "salinity": [34.829, 34.835, 34.854, 34.903, 35.387, 36.133, 36.271, 36.506, 36.558, 36.578, 36.605, 36.592, 36.572, 36.576, 36.584, 36.695, 36.772, 36.741, 36.704, 36.667, 36.64, 36.632, 36.605, 36.557, 36.511, 36.476], "density": [1021.811, 1021.832, 1021.862, 1021.924, 1022.257, 1023.006, 1023.598, 1024.11, 1024.34, 1024.613, 1024.98, 1025.205, 1025.393, 1025.571, 1025.793, 1025.961, 1026.092, 1026.194, 1026.298, 1026.392, 1026.489, 1026.55, 1026.613, 1026.688, 1026.755, 1026.815], "conductivity": [5.748, 5.75, 5.754, 5.761, 5.848, 5.903, 5.769, 5.696, 5.646, 5.566, 5.454, 5.376, 5.307, 5.251, 5.179, 5.17, 5.16, 5.117, 5.07, 5.026, 4.985, 4.966, 4.939, 4.897, 4.86, 4.827]}}}, {"type": "Feature", "geometry": {"type": "LineString", "coordinates": [[-83.2824, 27.6986], [-83.2885, 27.6967], [-83.2935, 27.6948], [-83.2984, 27.6929], [-83.3032, 27.6917], [-83.3073, 27.691], [-83.3114, 27.6903], [-83.3158, 27.6896], [-83.3195, 27.6889], [-83.3233, 27.6883], [-83.3272, 27.6877], [-83.331, 27.687], [-83.3349, 27.6866], [-83.3367, 27.6874], [-83.3385, 27.6886], [-83.3404, 27.6897], [-83.3421, 27.6908], [-83.3438, 27.6919], [-83.3455, 27.693], [-83.347, 27.6939], [-83.3486, 27.6949], [-83.3502, 27.696], [-83.3527, 27.6959], [-83.3556, 27.6957], [-83.3586, 27.6954], [-83.3616, 27.6951], [-83.3645, 27.6948], [-83.3674, 27.6945], [-83.3704, 27.6942], [-83.374, 27.6938], [-83.3782, 27.6932], [-83.3821, 27.6928], [-83.3862, 27.6925], [-83.39, 27.6922], [-83.3936, 27.6918], [-83.3974, 27.6915], [-83.401, 27.6912], [-83.4046, 27.6916], [-83.4066, 27.693], [-83.4084, 27.6942], [-83.4101, 27.6954], [-83.412, 27.6967], [-83.4139, 27.698], [-83.4159, 27.6995], [-83.4177, 27.7008], [-83.4197, 27.7023], [-83.4224, 27.7039], [-83.4258, 27.7038], [-83.4294, 27.7036], [-83.4331, 27.7035], [-83.4373, 27.7034], [-83.4409, 27.7032], [-83.4445, 27.7031], [-83.4483, 27.703], [-83.4543, 27.7031], [-83.4638, 27.7036], [-83.4727, 27.7041], [-83.4818, 27.7045], [-83.4899, 27.7076], [-83.4936, 27.711], [-83.4971, 27.7142], [-83.5004, 27.7173], [-83.5043, 27.7208], [-83.5097, 27.723], [-83.5147, 27.7235], [-83.5197, 27.7239], [-83.5249, 27.7243], [-83.5357, 27.7242], [-83.5457, 27.7233], [-83.554, 27.7223], [-83.5625, 27.7214], [-83.5712, 27.7207], [-83.58, 27.7236], [-83.5855, 27.7258], [-83.5903, 27.7277], [-83.595, 27.7296], [-83.6039, 27.7336], [-83.611, 27.7339], [-83.6186, 27.7338], [-83.6267, 27.7337], [-83.6412, 27.7333], [-83.6512, 27.732], [-83.6606, 27.7309], [-83.6713, 27.7296], [-83.6816, 27.7314], [-83.6856, 27.7334], [-83.6894, 27.7353], [-83.6936, 27.7375], [-83.6978, 27.7395], [-83.7023, 27.7404], [-83.7063, 27.7408], [-83.7105, 27.7411], [-83.7144, 27.7415], [-83.7231, 27.7403], [-83.7301, 27.7397], [-83.7395, 27.7391], [-83.7469, 27.7386], [-83.7551, 27.74], [-83.7595, 27.7431], [-83.7631, 27.7463], [-83.7666, 27.7493], [-83.7707, 27.7546], [-83.7737, 27.7577], [-83.7763, 27.7596], [-83.7791, 27.7617], [-83.7841, 27.7641], [-83.7908, 27.7642], [-83.7973, 27.7634], [-83.8045, 27.7625], [-83.8119, 27.7621], [-83.8158, 27.7637], [-83.8191, 27.7651], [-83.8221, 27.7664], [-83.8243, 27.7677], [-83.8271, 27.7675], [-83.8295, 27.7672], [-83.8367, 27.7636], [-83.8439, 27.7612], [-83.8507, 27.7593], [-83.8579, 27.7573], [-83.8688, 27.7552], [-83.8749, 27.7558], [-83.8793, 27.7571], [-83.8848, 27.7587], [-83.8906, 27.7606], [-83.894, 27.7612], [-83.8967, 27.7614], [-83.8991, 27.7617], [-83.9027, 27.762], [-83.9106, 27.7615], [-83.9171, 27.7601], [-83.9235, 27.7587], [-83.9298, 27.7574], [-83.9362, 27.7567], [-83.94, 27.7577], [-83.9435, 27.7588], [-83.9471, 27.7599], [-83.9503, 27.7609], [-83.953, 27.7614], [-83.9559, 27.7618], [-83.9586, 27.7621], [-83.9684, 27.7609], [-83.9774, 27.7593], [-83.9851, 27.758], [-83.9926, 27.7567], [-84.0015, 27.7555], [-84.0133, 27.7564], [-84.02, 27.7584], [-84.0262, 27.7601], [-84.0333, 27.7628], [-84.0424, 27.7685], [-84.0463, 27.7716], [-84.0495, 27.7741], [-84.0566, 27.7776], [-84.0652, 27.7789], [-84.0719, 27.7795], [-84.0764, 27.7802], [-84.0808, 27.7809], [-84.085, 27.7816], [-84.0872, 27.7823], [-84.0936, 27.7807], [-84.1024, 27.7787], [-84.1104, 27.777], [-84.1183, 27.7752], [-84.131, 27.7729], [-84.1365, 27.7731], [-84.1422, 27.7733], [-84.1481, 27.7736], [-84.1458, 27.7754], [-84.1382, 27.777], [-84.1299, 27.7787], [-84.1203, 27.7799], [-84.1128, 27.7789], [-84.1084, 27.7775], [-84.1043, 27.776], [-84.0973, 27.7728], [-84.0919, 27.7708], [-84.0871, 27.7692], [-84.0809, 27.7679], [-84.0705, 27.7678], [-84.0627, 27.7681], [-84.0549, 27.7684], [-84.0464, 27.766], [-84.0431, 27.7633], [-84.0405, 27.7608], [-84.0382, 27.7581], [-84.0367, 27.7544], [-84.0354, 27.7534], [-84.034, 27.7525], [-84.0302, 27.7532], [-84.0222, 27.7559], [-84.0137, 27.7587], [-84.0018, 27.7627], [-83.9915, 27.7652], [-83.9863, 27.766], [-83.9803, 27.7689], [-83.9752, 27.7736], [-83.9715, 27.7777], [-83.9652, 27.7847], [-83.9575, 27.7921], [-83.9445, 27.8019], [-83.9373, 27.8018], [-83.929, 27.7989], [-83.9237, 27.7966], [-83.9189, 27.7947], [-83.9142, 27.7931], [-83.9096, 27.7926], [-83.9051, 27.7922], [-83.9006, 27.7918], [-83.8947, 27.792], [-83.8888, 27.7923], [-83.8834, 27.7924], [-83.8778, 27.7925], [-83.872, 27.791], [-83.8678, 27.789], [-83.8615, 27.786], [-83.8558, 27.7841], [-83.8468, 27.7826], [-83.8415, 27.7819], [-83.8362, 27.7811], [-83.83, 27.78], [-83.8254, 27.7789], [-83.8185, 27.777], [-83.813, 27.7752], [-83.8074, 27.7734], [-83.8035, 27.7723], [-83.7981, 27.7711], [-83.7906, 27.7712], [-83.7842, 27.7721], [-83.7769, 27.7731], [-83.7611, 27.7747], [-83.7507, 27.7756], [-83.742, 27.7763], [-83.7333, 27.7754], [-83.7273, 27.7749], [-83.7209, 27.7745], [-83.713, 27.7743], [-83.7057, 27.7747], [-83.6993, 27.7752], [-83.6934, 27.7757], [-83.6873, 27.7764], [-83.6801, 27.7772], [-83.6742, 27.7778], [-83.6673, 27.7784], [-83.662, 27.7792], [-83.6584, 27.7797], [-83.6539, 27.7803], [-83.649, 27.7818], [-83.6441, 27.7846], [-83.6388, 27.7876], [-83.634, 27.7904], [-83.6262, 27.7959], [-83.6169, 27.8013], [-83.6109, 27.8047], [-83.6051, 27.808], [-83.598, 27.812], [-83.5929, 27.8143], [-83.5874, 27.8168], [-83.5801, 27.8203], [-83.5741, 27.8229], [-83.5694, 27.8248], [-83.5644, 27.8268], [-83.5567, 27.8315], [-83.5519, 27.8342], [-83.5477, 27.8367], [-83.543, 27.8394], [-83.5388, 27.842], [-83.5356, 27.8431], [-83.5318, 27.844], [-83.5285, 27.8448], [-83.5244, 27.8458], [-83.5202, 27.8466], [-83.5158, 27.8475], [-83.5112, 27.8485], [-83.5049, 27.8507], [-83.4972, 27.8532], [-83.4897, 27.8556], [-83.4811, 27.8582], [-83.4724, 27.8608], [-83.4654, 27.8621], [-83.4575, 27.8635], [-83.4497, 27.8648], [-83.443, 27.8651], [-83.4378, 27.8651], [-83.4328, 27.8651], [-83.4263, 27.8652], [-83.4177, 27.8661], [-83.4105, 27.8669], [-83.4037, 27.8677], [-83.3965, 27.8681], [-83.3916, 27.8681], [-83.3865, 27.8681], [-83.3813, 27.868], [-83.3752, 27.867], [-83.3714, 27.8666], [-83.3676, 27.8661], [-83.3627, 27.8659], [-83.3545, 27.8677], [-83.348, 27.8694], [-83.3423, 27.8709], [-83.3384, 27.8719]]}, "properties": {"kind": "track", "id": "sam", "operator": "Univ. of South Florida", "color": "#46cfd6", "dataset": "usf-sam-20260908T0000", "vals": {"temperature": [30.759, 30.762, 30.761, 30.763, 30.777, 30.784, 30.786, 30.785, 30.79, 30.799, 30.803, 30.801, 30.802, 30.792, 30.777, 30.761, 30.748, 30.731, 30.716, 30.7, 30.685, 30.67, 30.656, 30.644, 30.638, 30.638, 30.619, 30.55, 30.53, 30.511, 30.475, 30.448, 30.431, 30.428, 30.43, 30.427, 30.425, 30.423, 30.424, 30.412, 30.41, 30.408, 30.398, 30.391, 30.384, 30.371, 30.403, 30.442, 30.38, 30.394, 30.376, 30.369, 30.344, 30.361, 30.411, 30.437, 30.43, 30.48, 30.468, 30.512, 30.485, 30.563, 30.636, 30.626, 30.542, 30.488, 30.492, 30.398, 30.382, 30.414, 30.44, 30.422, 30.423, 30.409, 30.421, 30.426, 30.394, 30.395, 30.354, 30.424, 30.464, 30.527, 30.458, 30.535, 30.55, 30.517, 30.52, 30.474, 30.457, 30.493, 30.543, 30.498, 30.438, 30.386, 30.365, 30.294, 30.282, 30.27, 30.249, 30.326, 30.227, 30.262, 30.317, 30.345, 30.293, 30.342, 30.405, 30.439, 30.423, 30.4, 30.338, 30.282, 30.265, 30.234, 30.243, 30.236, 30.119, 30.174, 30.139, 30.206, 30.201, 30.145, 30.142, 30.143, 30.146, 30.174, 30.183, 30.174, 30.234, 30.239, 30.254, 30.259, 30.279, 30.265, 30.242, 30.229, 30.203, 30.193, 30.19, 30.193, 30.178, 30.159, 30.16, 30.146, 30.213, 30.15, 30.152, 30.165, 30.147, 30.172, 30.213, 30.281, 30.316, 30.407, 30.397, 30.439, 30.402, 30.439, 30.443, 30.462, 30.446, 30.41, 30.394, 30.461, 30.371, 30.355, 30.366, 30.379, 30.407, 30.453, 30.457, 30.437, 30.393, 30.449, 30.522, 30.501, 30.542, 30.554, 30.493, 30.502, 30.467, 30.448, 30.437, 30.393, 30.369, 30.335, 30.312, 30.272, 30.251, 30.205, 30.208, 30.246, 30.305, 30.343, 30.43, 30.41, 30.475, 30.453, 30.473, 30.4, 30.358, 30.316, 30.329, 30.331, 30.335, 30.39, 30.439, 30.455, 30.468, 30.464, 30.48, 30.472, 30.462, 30.43, 30.41, 30.389, 30.365, 30.352, 30.335, 30.335, 30.308, 30.292, 30.26, 30.254, 30.26, 30.258, 30.274, 30.289, 30.3, 30.316, 30.317, 30.295, 30.281, 30.28, 30.274, 30.282, 30.287, 30.305, 30.299, 30.288, 30.28, 30.273, 30.254, 30.237, 30.207, 30.176, 30.146, 30.144, 30.154, 30.178, 30.201, 30.253, 30.285, 30.321, 30.302, 30.272, 30.225, 30.182, 30.156, 30.148, 30.152, 30.171, 30.303, 30.305, 30.312, 30.292, 30.273, 30.295, 30.277, 30.265, 30.254, 30.257, 30.27, 30.346, 30.415, 30.507, 30.501, 30.544, 30.585, 30.557, 30.502, 30.437, 30.404, 30.378, 30.357, 30.336, 30.323, 30.312, 30.329, 30.355, 30.373, 30.421, 30.455, 30.537, 30.564, 30.585, 30.611, 30.693, 30.732, 30.749, 30.786], "salinity": [36.612, 36.612, 36.611, 36.611, 36.608, 36.61, 36.61, 36.609, 36.608, 36.606, 36.608, 36.61, 36.612, 36.614, 36.612, 36.612, 36.61, 36.608, 36.605, 36.602, 36.599, 36.595, 36.592, 36.59, 36.59, 36.59, 36.583, 36.541, 36.505, 36.483, 36.453, 36.423, 36.398, 36.383, 36.379, 36.375, 36.37, 36.369, 36.371, 36.365, 36.364, 36.36, 36.356, 36.351, 36.347, 36.326, 36.323, 36.335, 36.222, 36.205, 36.136, 36.099, 36.08, 36.074, 36.058, 36.035, 36.035, 36.01, 36.026, 36.033, 36.052, 36.086, 36.125, 36.116, 36.117, 36.088, 36.163, 36.085, 36.098, 36.095, 36.084, 36.061, 36.147, 36.071, 36.081, 36.14, 36.106, 36.137, 36.018, 36.063, 36.144, 36.033, 36.086, 36.125, 36.104, 36.095, 35.932, 35.956, 35.91, 35.802, 35.756, 35.749, 35.728, 35.719, 35.774, 35.712, 35.704, 35.714, 35.679, 35.81, 35.627, 35.623, 35.697, 35.797, 35.65, 35.657, 35.746, 35.709, 35.816, 35.698, 35.676, 35.679, 35.68, 35.68, 35.69, 35.663, 35.545, 35.537, 35.554, 35.603, 35.6, 35.557, 35.555, 35.556, 35.544, 35.552, 35.557, 35.55, 35.587, 35.589, 35.567, 35.561, 35.573, 35.573, 35.561, 35.551, 35.55, 35.557, 35.557, 35.565, 35.574, 35.594, 35.608, 35.605, 35.687, 35.603, 35.606, 35.615, 35.621, 35.61, 35.62, 35.625, 35.625, 35.637, 35.644, 35.641, 35.668, 35.666, 35.691, 35.726, 35.772, 35.782, 35.773, 35.845, 35.784, 35.775, 35.776, 35.783, 35.773, 35.782, 35.781, 35.732, 35.692, 35.689, 35.685, 35.71, 35.732, 35.732, 35.74, 35.716, 35.707, 35.71, 35.693, 35.686, 35.664, 35.656, 35.648, 35.626, 35.623, 35.603, 35.597, 35.598, 35.597, 35.584, 35.572, 35.594, 35.598, 35.608, 35.601, 35.607, 35.615, 35.624, 35.635, 35.658, 35.669, 35.67, 35.674, 35.678, 35.689, 35.698, 35.701, 35.706, 35.707, 35.715, 35.732, 35.742, 35.768, 35.804, 35.819, 35.837, 35.861, 35.885, 35.889, 35.907, 35.931, 35.936, 35.941, 35.952, 35.96, 35.97, 35.977, 35.971, 35.965, 35.964, 35.972, 35.992, 36.027, 36.087, 36.136, 36.18, 36.231, 36.262, 36.284, 36.281, 36.264, 36.256, 36.252, 36.248, 36.238, 36.225, 36.215, 36.223, 36.238, 36.238, 36.23, 36.241, 36.235, 36.227, 36.223, 36.223, 36.227, 36.262, 36.369, 36.383, 36.392, 36.394, 36.392, 36.402, 36.385, 36.366, 36.355, 36.337, 36.335, 36.337, 36.352, 36.365, 36.372, 36.384, 36.388, 36.396, 36.397, 36.392, 36.389, 36.386, 36.38, 36.377, 36.375, 36.377, 36.393, 36.426, 36.448, 36.475, 36.487, 36.513, 36.516, 36.519, 36.526, 36.523, 36.526, 36.526, 36.536], "density": [1022.691, 1022.69, 1022.69, 1022.686, 1022.68, 1022.68, 1022.68, 1022.68, 1022.676, 1022.673, 1022.671, 1022.676, 1022.678, 1022.679, 1022.683, 1022.69, 1022.694, 1022.697, 1022.705, 1022.702, 1022.706, 1022.708, 1022.713, 1022.715, 1022.717, 1022.715, 1022.719, 1022.71, 1022.691, 1022.678, 1022.671, 1022.658, 1022.643, 1022.633, 1022.63, 1022.628, 1022.627, 1022.626, 1022.626, 1022.626, 1022.627, 1022.63, 1022.623, 1022.623, 1022.627, 1022.61, 1022.601, 1022.599, 1022.53, 1022.518, 1022.47, 1022.442, 1022.438, 1022.429, 1022.397, 1022.37, 1022.378, 1022.335, 1022.354, 1022.342, 1022.368, 1022.368, 1022.37, 1022.362, 1022.397, 1022.39, 1022.45, 1022.423, 1022.444, 1022.42, 1022.413, 1022.396, 1022.468, 1022.404, 1022.41, 1022.462, 1022.442, 1022.47, 1022.384, 1022.401, 1022.457, 1022.338, 1022.405, 1022.415, 1022.388, 1022.398, 1022.265, 1022.304, 1022.275, 1022.178, 1022.129, 1022.141, 1022.146, 1022.152, 1022.21, 1022.18, 1022.18, 1022.192, 1022.171, 1022.254, 1022.136, 1022.122, 1022.163, 1022.235, 1022.134, 1022.12, 1022.171, 1022.13, 1022.22, 1022.134, 1022.134, 1022.161, 1022.177, 1022.18, 1022.185, 1022.173, 1022.115, 1022.093, 1022.117, 1022.139, 1022.132, 1022.119, 1022.125, 1022.121, 1022.107, 1022.107, 1022.108, 1022.103, 1022.118, 1022.114, 1022.092, 1022.083, 1022.087, 1022.091, 1022.09, 1022.088, 1022.093, 1022.106, 1022.102, 1022.106, 1022.119, 1022.14, 1022.156, 1022.156, 1022.217, 1022.146, 1022.152, 1022.153, 1022.177, 1022.156, 1022.157, 1022.122, 1022.113, 1022.091, 1022.106, 1022.075, 1022.124, 1022.102, 1022.121, 1022.141, 1022.181, 1022.212, 1022.191, 1022.244, 1022.212, 1022.212, 1022.211, 1022.218, 1022.188, 1022.185, 1022.183, 1022.157, 1022.153, 1022.126, 1022.086, 1022.114, 1022.122, 1022.114, 1022.148, 1022.119, 1022.122, 1022.132, 1022.123, 1022.133, 1022.127, 1022.138, 1022.132, 1022.126, 1022.137, 1022.14, 1022.129, 1022.113, 1022.102, 1022.068, 1022.029, 1022.062, 1022.038, 1022.059, 1022.037, 1022.064, 1022.098, 1022.12, 1022.112, 1022.132, 1022.14, 1022.121, 1022.105, 1022.102, 1022.104, 1022.119, 1022.11, 1022.118, 1022.13, 1022.137, 1022.166, 1022.173, 1022.206, 1022.238, 1022.248, 1022.268, 1022.287, 1022.319, 1022.331, 1022.348, 1022.356, 1022.362, 1022.364, 1022.362, 1022.37, 1022.365, 1022.374, 1022.376, 1022.376, 1022.376, 1022.386, 1022.4, 1022.424, 1022.459, 1022.507, 1022.529, 1022.576, 1022.6, 1022.63, 1022.619, 1022.624, 1022.63, 1022.639, 1022.637, 1022.623, 1022.603, 1022.59, 1022.575, 1022.581, 1022.565, 1022.564, 1022.588, 1022.602, 1022.601, 1022.613, 1022.615, 1022.614, 1022.634, 1022.672, 1022.676, 1022.695, 1022.687, 1022.697, 1022.694, 1022.686, 1022.681, 1022.674, 1022.66, 1022.657, 1022.625, 1022.619, 1022.59, 1022.601, 1022.593, 1022.584, 1022.598, 1022.618, 1022.638, 1022.651, 1022.651, 1022.657, 1022.663, 1022.667, 1022.673, 1022.676, 1022.69, 1022.699, 1022.703, 1022.706, 1022.692, 1022.686, 1022.68, 1022.678, 1022.644, 1022.633, 1022.627, 1022.621], "conductivity": [6.158, 6.158, 6.158, 6.158, 6.159, 6.16, 6.161, 6.16, 6.161, 6.161, 6.162, 6.162, 6.163, 6.162, 6.16, 6.158, 6.156, 6.154, 6.152, 6.15, 6.148, 6.145, 6.143, 6.142, 6.141, 6.141, 6.138, 6.124, 6.116, 6.111, 6.103, 6.095, 6.09, 6.087, 6.087, 6.086, 6.085, 6.084, 6.085, 6.083, 6.082, 6.082, 6.08, 6.078, 6.077, 6.072, 6.074, 6.082, 6.058, 6.057, 6.045, 6.039, 6.033, 6.034, 6.037, 6.036, 6.036, 6.037, 6.039, 6.044, 6.044, 6.058, 6.072, 6.069, 6.06, 6.05, 6.062, 6.04, 6.04, 6.043, 6.044, 6.039, 6.052, 6.039, 6.042, 6.051, 6.042, 6.047, 6.025, 6.039, 6.056, 6.046, 6.046, 6.061, 6.059, 6.054, 6.03, 6.029, 6.02, 6.008, 6.007, 6.001, 5.991, 5.984, 5.99, 5.973, 5.971, 5.971, 5.963, 5.991, 5.953, 5.956, 5.973, 5.991, 5.964, 5.97, 5.99, 5.988, 6.003, 5.983, 5.972, 5.967, 5.965, 5.962, 5.964, 5.96, 5.929, 5.934, 5.933, 5.947, 5.946, 5.934, 5.933, 5.934, 5.932, 5.936, 5.938, 5.936, 5.948, 5.949, 5.947, 5.947, 5.951, 5.949, 5.945, 5.942, 5.939, 5.939, 5.939, 5.94, 5.94, 5.941, 5.943, 5.941, 5.961, 5.941, 5.942, 5.945, 5.944, 5.945, 5.951, 5.959, 5.963, 5.974, 5.974, 5.978, 5.978, 5.982, 5.986, 5.994, 5.999, 5.996, 5.993, 6.011, 5.992, 5.989, 5.99, 5.993, 5.994, 6.001, 6.001, 5.992, 5.981, 5.987, 5.994, 5.995, 6.003, 6.004, 5.999, 5.996, 5.991, 5.99, 5.986, 5.98, 5.974, 5.969, 5.965, 5.958, 5.955, 5.947, 5.947, 5.951, 5.957, 5.959, 5.967, 5.968, 5.976, 5.975, 5.976, 5.969, 5.966, 5.963, 5.966, 5.969, 5.971, 5.977, 5.983, 5.986, 5.989, 5.99, 5.992, 5.991, 5.991, 5.988, 5.989, 5.988, 5.989, 5.993, 5.993, 5.996, 5.997, 5.998, 5.996, 5.998, 6.002, 6.002, 6.005, 6.008, 6.01, 6.014, 6.015, 6.012, 6.009, 6.009, 6.009, 6.013, 6.019, 6.03, 6.036, 6.042, 6.048, 6.052, 6.053, 6.051, 6.045, 6.04, 6.037, 6.036, 6.035, 6.036, 6.037, 6.044, 6.05, 6.054, 6.051, 6.049, 6.043, 6.037, 6.033, 6.033, 6.033, 6.041, 6.071, 6.073, 6.076, 6.074, 6.071, 6.075, 6.071, 6.067, 6.064, 6.061, 6.063, 6.071, 6.081, 6.093, 6.094, 6.1, 6.105, 6.103, 6.097, 6.09, 6.085, 6.082, 6.079, 6.076, 6.074, 6.073, 6.078, 6.085, 6.091, 6.1, 6.106, 6.118, 6.122, 6.125, 6.129, 6.137, 6.142, 6.144, 6.15]}, "times": ["2026-09-08T15:58", "2026-09-08T17:14", "2026-09-08T17:38", "2026-09-08T18:02", "2026-09-08T18:46", "2026-09-08T19:11", "2026-09-08T19:39", "2026-09-08T20:07", "2026-09-08T20:31", "2026-09-08T20:56", "2026-09-08T21:20", "2026-09-08T21:44", "2026-09-08T22:36", "2026-09-08T22:56", "2026-09-08T23:26", "2026-09-08T23:52", "2026-09-09T00:17", "2026-09-09T00:42", "2026-09-09T01:07", "2026-09-09T01:28", "2026-09-09T01:49", "2026-09-09T02:37", "2026-09-09T03:02", "2026-09-09T03:27", "2026-09-09T03:53", "2026-09-09T04:20", "2026-09-09T04:46", "2026-09-09T05:12", "2026-09-09T05:37", "2026-09-09T06:06", "2026-09-09T06:58", "2026-09-09T07:28", "2026-09-09T07:59", "2026-09-09T08:25", "2026-09-09T08:52", "2026-09-09T09:18", "2026-09-09T09:45", "2026-09-09T10:36", "2026-09-09T10:59", "2026-09-09T11:27", "2026-09-09T11:50", "2026-09-09T12:14", "2026-09-09T12:38", "2026-09-09T13:08", "2026-09-09T13:36", "2026-09-09T13:59", "2026-09-09T14:50", "2026-09-09T15:09", "2026-09-09T15:34", "2026-09-09T16:03", "2026-09-09T16:28", "2026-09-09T16:57", "2026-09-09T17:21", "2026-09-09T17:44", "2026-09-09T18:54", "2026-09-09T19:45", "2026-09-09T20:29", "2026-09-09T21:28", "2026-09-09T22:53", "2026-09-09T23:42", "2026-09-10T00:27", "2026-09-10T01:15", "2026-09-10T01:45", "2026-09-10T03:09", "2026-09-10T03:53", "2026-09-10T04:38", "2026-09-10T05:22", "2026-09-10T06:53", "2026-09-10T07:42", "2026-09-10T08:14", "2026-09-10T09:18", "2026-09-10T09:51", "2026-09-10T11:13", "2026-09-10T11:50", "2026-09-10T12:38", "2026-09-10T13:30", "2026-09-10T15:16", "2026-09-10T15:50", "2026-09-10T16:40", "2026-09-10T17:33", "2026-09-10T19:17", "2026-09-10T19:53", "2026-09-10T20:44", "2026-09-10T21:41", "2026-09-10T23:22", "2026-09-10T23:59", "2026-09-11T00:37", "2026-09-11T01:12", "2026-09-11T02:55", "2026-09-11T03:35", "2026-09-11T04:33", "2026-09-11T05:11", "2026-09-11T05:49", "2026-09-11T06:58", "2026-09-11T07:57", "2026-09-11T08:53", "2026-09-11T09:31", "2026-09-11T10:56", "2026-09-11T11:40", "2026-09-11T12:41", "2026-09-11T13:20", "2026-09-11T14:54", "2026-09-11T15:40", "2026-09-11T16:40", "2026-09-11T17:19", "2026-09-11T18:54", "2026-09-11T19:40", "2026-09-11T20:19", "2026-09-11T21:20", "2026-09-11T21:56", "2026-09-11T23:24", "2026-09-12T00:22", "2026-09-12T01:22", "2026-09-12T02:59", "2026-09-12T04:02", "2026-09-12T05:00", "2026-09-12T07:02", "2026-09-12T07:42", "2026-09-12T08:23", "2026-09-12T09:27", "2026-09-12T11:04", "2026-09-12T11:46", "2026-09-12T12:30", "2026-09-12T13:35", "2026-09-12T15:05", "2026-09-12T15:48", "2026-09-12T16:32", "2026-09-12T17:15", "2026-09-12T17:58", "2026-09-12T19:30", "2026-09-12T20:14", "2026-09-12T20:59", "2026-09-12T21:45", "2026-09-12T23:11", "2026-09-12T23:56", "2026-09-13T00:42", "2026-09-13T01:07", "2026-09-13T02:08", "2026-09-13T03:39", "2026-09-13T04:25", "2026-09-13T05:12", "2026-09-13T07:07", "2026-09-13T07:56", "2026-09-13T08:21", "2026-09-13T09:09", "2026-09-13T09:52", "2026-09-13T11:37", "2026-09-13T12:26", "2026-09-13T12:48", "2026-09-13T13:35", "2026-09-13T15:55", "2026-09-13T16:32", "2026-09-13T17:24", "2026-09-13T21:08", "2026-09-13T22:06", "2026-09-13T23:38", "2026-09-14T00:03", "2026-09-14T00:57", "2026-09-14T01:49", "2026-09-14T03:46", "2026-09-14T07:02", "2026-09-14T07:41", "2026-09-14T08:35", "2026-09-14T09:29", "2026-09-14T11:15", "2026-09-14T12:05", "2026-09-14T12:31", "2026-09-14T13:21", "2026-09-14T15:39", "2026-09-14T16:31", "2026-09-14T17:23", "2026-09-14T19:04", "2026-09-14T19:43", "2026-09-14T20:38", "2026-09-14T21:33", "2026-09-14T23:16", "2026-09-15T00:12", "2026-09-15T01:07", "2026-09-15T02:00", "2026-09-15T03:43", "2026-09-15T04:36", "2026-09-15T05:29", "2026-09-15T07:04", "2026-09-15T07:40", "2026-09-15T08:31", "2026-09-15T09:23", "2026-09-15T11:40", "2026-09-15T12:30", "2026-09-15T13:21", "2026-09-15T15:04", "2026-09-15T15:38", "2026-09-15T16:48", "2026-09-15T19:01", "2026-09-15T20:22", "2026-09-15T21:12", "2026-09-15T23:02", "2026-09-15T23:35", "2026-09-16T00:24", "2026-09-16T01:53", "2026-09-16T03:36", "2026-09-16T05:56", "2026-09-16T08:34", "2026-09-16T10:56", "2026-09-16T11:51", "2026-09-16T13:13", "2026-09-16T14:03", "2026-09-16T15:29", "2026-09-16T16:33", "2026-09-16T17:17", "2026-09-16T18:59", "2026-09-16T19:51", "2026-09-16T20:58", "2026-09-16T21:40", "2026-09-16T23:28", "2026-09-17T00:09", "2026-09-17T01:15", "2026-09-17T03:00", "2026-09-17T04:15", "2026-09-17T04:59", "2026-09-17T05:44", "2026-09-17T07:25", "2026-09-17T08:09", "2026-09-17T09:15", "2026-09-17T10:57", "2026-09-17T12:05", "2026-09-17T12:47", "2026-09-17T14:56", "2026-09-17T15:41", "2026-09-17T16:43", "2026-09-17T17:22", "2026-09-17T19:36", "2026-09-17T20:49", "2026-09-17T21:53", "2026-09-17T23:26", "2026-09-18T00:06", "2026-09-18T00:49", "2026-09-18T02:53", "2026-09-18T03:38", "2026-09-18T04:37", "2026-09-18T05:14", "2026-09-18T05:51", "2026-09-18T07:40", "2026-09-18T08:40", "2026-09-18T09:19", "2026-09-18T11:18", "2026-09-18T11:54", "2026-09-18T13:18", "2026-09-18T14:52", "2026-09-18T15:55", "2026-09-18T16:30", "2026-09-18T17:21", "2026-09-18T19:08", "2026-09-18T20:15", "2026-09-18T20:49", "2026-09-18T21:55", "2026-09-18T23:15", "2026-09-19T00:25", "2026-09-19T01:14", "2026-09-19T02:55", "2026-09-19T03:50", "2026-09-19T04:39", "2026-09-19T05:32", "2026-09-19T07:13", "2026-09-19T07:59", "2026-09-19T08:50", "2026-09-19T09:22", "2026-09-19T10:54", "2026-09-19T11:42", "2026-09-19T12:28", "2026-09-19T13:14", "2026-09-19T14:48", "2026-09-19T15:39", "2026-09-19T16:22", "2026-09-19T17:08", "2026-09-19T19:05", "2026-09-19T19:46", "2026-09-19T20:41", "2026-09-19T21:51", "2026-09-19T23:05", "2026-09-20T00:03", "2026-09-20T01:00", "2026-09-20T01:56", "2026-09-20T03:35", "2026-09-20T04:03", "2026-09-20T04:59", "2026-09-20T05:53", "2026-09-20T07:31", "2026-09-20T08:38", "2026-09-20T09:32", "2026-09-20T11:05", "2026-09-20T11:58", "2026-09-20T12:48", "2026-09-20T13:39", "2026-09-20T15:30", "2026-09-20T16:23", "2026-09-20T17:16", "2026-09-20T18:49", "2026-09-20T19:55", "2026-09-20T20:45", "2026-09-20T21:36", "2026-09-20T21:59"]}}, {"type": "Feature", "geometry": {"type": "Point", "coordinates": [-83.3374, 27.8721]}, "properties": {"kind": "now", "id": "sam", "operator": "Univ. of South Florida", "color": "#46cfd6", "dataset": "usf-sam-20260908T0000", "time": "2026-09-20T22:09:02Z", "n": 95525, "maxDepth": 60.4, "surface": {"temperature": 30.761, "salinity": 36.526, "density": 1022.622, "conductivity": 6.145}, "profile": {"depth": [0, 5, 10, 15, 20, 25], "temperature": [30.797, 30.548, 30.497, 30.477, 30.472, 30.471], "salinity": [36.524, 36.535, 36.533, 36.532, 36.532, 36.532], "density": [1022.607, 1022.72, 1022.758, 1022.785, 1022.809, 1022.827], "conductivity": [6.149, 6.123, 6.117, 6.115, 6.115, 6.115]}}}, {"type": "Feature", "geometry": {"type": "LineString", "coordinates": [[-96.1989, 27.214], [-96.2175, 27.1774], [-96.2258, 27.1391], [-96.2281, 27.107], [-96.2316, 27.0721], [-96.2335, 27.0427], [-96.2338, 27.0077], [-96.2323, 26.9595], [-96.2218, 26.9138], [-96.1928, 26.8994], [-96.1544, 26.8886], [-96.1148, 26.878], [-96.0871, 26.8496], [-96.063, 26.8265], [-96.0348, 26.8027], [-96.0044, 26.7764], [-95.9868, 26.7597], [-95.9583, 26.7533], [-95.9306, 26.7457], [-95.9039, 26.7432], [-95.8729, 26.7455], [-95.8516, 26.7492], [-95.8214, 26.7558], [-95.7896, 26.7652], [-95.7571, 26.7728], [-95.7378, 26.7759], [-95.71, 26.7828], [-95.6822, 26.7847], [-95.6558, 26.7857], [-95.6301, 26.7852], [-95.6061, 26.7848], [-95.5839, 26.7838], [-95.5657, 26.78], [-95.5511, 26.7743], [-95.5381, 26.767], [-95.5296, 26.7595], [-95.5257, 26.7522], [-95.5253, 26.7474], [-95.5241, 26.7449], [-95.522, 26.7451], [-95.5235, 26.7463], [-95.5233, 26.7499], [-95.5203, 26.753], [-95.5187, 26.756], [-95.5163, 26.762], [-95.511, 26.7661], [-95.5041, 26.7683], [-95.4957, 26.7764], [-95.4873, 26.7831], [-95.4752, 26.7858], [-95.4631, 26.7866], [-95.4515, 26.7941], [-95.4414, 26.7942], [-95.4322, 26.787], [-95.4236, 26.7807], [-95.3785, 26.7956], [-95.2756, 26.843], [-95.2849, 26.8251], [-95.2906, 26.81], [-95.2956, 26.7921], [-95.3103, 26.7719], [-95.3254, 26.7563], [-95.3376, 26.7401], [-95.3505, 26.7213], [-95.364, 26.703], [-95.3754, 26.6857], [-95.3848, 26.6701], [-95.3928, 26.6558], [-95.4033, 26.6414], [-95.4148, 26.6281], [-95.4257, 26.6172], [-95.4362, 26.6053], [-95.4496, 26.5932], [-95.4631, 26.5825], [-95.4802, 26.5759], [-95.4984, 26.574], [-95.5152, 26.5753], [-95.531, 26.5786], [-95.5435, 26.5801], [-95.5539, 26.581], [-95.5624, 26.5818], [-95.5718, 26.5816], [-95.5807, 26.5807], [-95.5897, 26.5802], [-95.5972, 26.5814], [-95.604, 26.5828], [-95.6106, 26.583], [-95.6183, 26.5842], [-95.6256, 26.5858], [-95.6335, 26.5849], [-95.6427, 26.5834], [-95.6539, 26.5813], [-95.6636, 26.577], [-95.6745, 26.57], [-95.6877, 26.5601], [-95.6996, 26.5494], [-95.7104, 26.5412], [-95.7179, 26.5333], [-95.7308, 26.5205], [-95.7427, 26.5106], [-95.7536, 26.4981], [-95.7657, 26.4847], [-95.7803, 26.4732], [-95.7912, 26.4624], [-95.8005, 26.4514], [-95.8061, 26.4404], [-95.8087, 26.4292], [-95.8077, 26.4186], [-95.8051, 26.4065], [-95.8016, 26.3915], [-95.8001, 26.3754], [-95.8002, 26.3581], [-95.802, 26.3364], [-95.8048, 26.3158], [-95.8073, 26.2949], [-95.8056, 26.2736], [-95.7794, 26.2728], [-95.7423, 26.2789], [-95.7058, 26.2819], [-95.6715, 26.2824], [-95.6379, 26.279], [-95.6092, 26.2735], [-95.5815, 26.2667], [-95.5518, 26.2585], [-95.5463, 26.2556], [-95.59, 26.2748], [-95.6298, 26.2996], [-95.66, 26.3208], [-95.6503, 26.336], [-95.6212, 26.3502], [-95.5926, 26.3621], [-95.5686, 26.3729], [-95.5507, 26.3849], [-95.5318, 26.3969], [-95.5128, 26.4043], [-95.4981, 26.4106], [-95.4857, 26.4178], [-95.4718, 26.4236], [-95.456, 26.4273], [-95.4424, 26.4286], [-95.4312, 26.4298], [-95.4164, 26.4324], [-95.4022, 26.4315], [-95.3892, 26.4296], [-95.3739, 26.4292], [-95.3601, 26.43], [-95.3479, 26.4307], [-95.3387, 26.4311], [-95.3317, 26.432], [-95.3231, 26.4331], [-95.3141, 26.4334], [-95.3073, 26.4332], [-95.2982, 26.4346], [-95.2883, 26.4323], [-95.2826, 26.4172], [-95.2811, 26.3966], [-95.2755, 26.3785], [-95.2697, 26.3597], [-95.2666, 26.3379], [-95.2651, 26.316], [-95.2618, 26.2942], [-95.2575, 26.2707], [-95.2528, 26.2459], [-95.2476, 26.2237], [-95.2677, 26.2103], [-95.3298, 26.213], [-95.3827, 26.2231], [-95.4299, 26.2362], [-95.4704, 26.2498], [-95.5097, 26.2692], [-95.5432, 26.2923], [-95.5684, 26.3168], [-95.5896, 26.341], [-95.6036, 26.3674], [-95.609, 26.3925], [-95.6098, 26.4152], [-95.6109, 26.4326], [-95.6069, 26.4427], [-95.6027, 26.442], [-95.6056, 26.4366], [-95.6114, 26.4359], [-95.6113, 26.434], [-95.6095, 26.4311], [-95.6159, 26.4281], [-95.6186, 26.4335], [-95.618, 26.4322], [-95.6238, 26.4316], [-95.6289, 26.4391], [-95.6268, 26.4456], [-95.6245, 26.4485], [-95.629, 26.4555], [-95.631, 26.4647], [-95.6332, 26.4718], [-95.637, 26.4765], [-95.6398, 26.4828], [-95.6416, 26.4858], [-95.6439, 26.4871], [-95.6445, 26.4896], [-95.6424, 26.4931], [-95.6463, 26.5149], [-95.6516, 26.546], [-95.6509, 26.5796], [-95.645, 26.6089], [-95.6416, 26.6369], [-95.6358, 26.667], [-95.6251, 26.6956], [-95.617, 26.7223], [-95.609, 26.7516], [-95.597, 26.78], [-95.583, 26.8088], [-95.5705, 26.8383], [-95.5553, 26.864], [-95.5377, 26.8834], [-95.5222, 26.8981], [-95.5083, 26.9121], [-95.4929, 26.9213], [-95.4793, 26.9279], [-95.4711, 26.9335], [-95.4638, 26.9366], [-95.4598, 26.9349], [-95.4611, 26.9348], [-95.4621, 26.9365], [-95.4604, 26.9375], [-95.4846, 26.9297], [-95.5228, 26.9165], [-95.5789, 26.9139], [-95.6183, 26.9183], [-95.6272, 26.9246], [-95.6161, 26.9346], [-95.5999, 26.9452], [-95.5794, 26.9681], [-95.554, 26.9888], [-95.5342, 27.0012], [-95.5189, 27.0147], [-95.4981, 27.03], [-95.476, 27.0363], [-95.4602, 27.0431], [-95.4421, 27.0522], [-95.4249, 27.053], [-95.4131, 27.0506], [-95.4058, 27.0481], [-95.3979, 27.0451], [-95.3899, 27.0379], [-95.3786, 27.0287], [-95.3717, 27.0176], [-95.3685, 27.0068], [-95.367, 26.9965], [-95.3644, 26.9855], [-95.3617, 26.9728], [-95.3572, 26.961], [-95.354, 26.9454], [-95.3529, 26.9322], [-95.3509, 26.9185], [-95.3512, 26.902], [-95.363, 26.8834], [-95.3769, 26.8623], [-95.391, 26.8414], [-95.4026, 26.8214], [-95.4113, 26.8017], [-95.4221, 26.7844], [-95.4336, 26.7651], [-95.4449, 26.7449], [-95.4531, 26.7223], [-95.462, 26.6971], [-95.4698, 26.6722], [-95.4757, 26.6479], [-95.4829, 26.6205], [-95.492, 26.5915], [-95.4927, 26.5867], [-95.4747, 26.6222], [-95.4556, 26.6631], [-95.4352, 26.7063], [-95.4127, 26.7491], [-95.3894, 26.7906], [-95.3739, 26.812], [-95.3916, 26.802], [-95.4302, 26.8227], [-95.4692, 26.8498], [-95.5038, 26.8762], [-95.5416, 26.9053], [-95.578, 26.9353], [-95.6098, 26.9612], [-95.6415, 26.9849], [-95.6736, 27.0071], [-95.702, 27.0283], [-95.7281, 27.0481], [-95.7559, 27.0636], [-95.7832, 27.0798], [-95.809, 27.0964], [-95.8327, 27.1088], [-95.857, 27.124], [-95.8818, 27.1385], [-95.9013, 27.1452], [-95.9228, 27.1422], [-95.9436, 27.1419], [-95.9608, 27.1475], [-95.9783, 27.1547], [-95.9974, 27.1609], [-96.0097, 27.1699], [-96.0171, 27.1805], [-96.0209, 27.1852]]}, "properties": {"kind": "track", "id": "unit_541", "operator": "Texas A&M University", "color": "#c98bff", "dataset": "unit_541-20260630T0000", "vals": {"temperature": [26.748, 25.845, 25.281, 24.889, 22.99, 23.362, 21.744, 23.767, 18.784, 22.558, 21.263, 19.67, 22.769, 17.445, 20.296, 19.495, 17.197, 22.328, 11.705, 21.523, 22.916, 22.363, 14.335, 24.45, 22.952, 24.018, 20.684, 20.829, 21.173, 24.936, 22.072, 21.396, 21.457, 21.589, 21.244, 25.085, 21.714, 21.468, 21.429, 24.24, 22.406, 24.961, 21.271, 21.437, 21.125, 21.237, 24.961, 21.533, 21.498, 21.523, 21.326, 24.387, 23.064, 24.317, 21.553, 25.916, 21.821, 21.67, 22.01, 25.533, 22.113, 21.839, 21.783, 21.573, 25.563, 21.916, 21.831, 21.686, 21.583, 25.405, 21.751, 21.836, 21.614, 21.925, 25.568, 21.635, 21.542, 21.628, 21.704, 25.391, 21.443, 21.64, 21.652, 21.544, 24.472, 23.65, 21.758, 21.609, 21.608, 21.49, 24.182, 23.632, 21.577, 21.796, 21.528, 21.498, 25.55, 21.842, 21.544, 21.881, 21.719, 24.607, 23.705, 21.913, 21.757, 21.793, 21.636, 24.316, 24.333, 21.939, 22.02, 21.939, 21.907, 23.223, 25.204, 21.898, 22.074, 21.856, 22.27, 25.776, 22.917, 22.049, 21.777, 21.717, 21.676, 25.845, 22.216, 21.893, 21.401, 21.735, 22.233, 25.143, 21.553, 21.842, 21.565, 21.605, 25.656, 22.642, 22.119, 21.944, 21.789, 21.896, 24.585, 21.026, 21.669, 21.816, 25.117, 22.329, 21.733, 21.493, 21.618, 23.302, 24.883, 21.482, 21.624, 21.495, 21.214, 23.088, 24.242, 21.234, 21.074, 21.031, 20.578, 20.982, 26.486, 21.451, 21.181, 20.096, 20.006, 20.89, 22.819, 25.831, 20.761, 20.045, 21.112, 19.73, 22.797, 24.946, 21.601, 21.44, 21.57, 20.719, 21.591, 25.173, 21.075, 21.08, 20.662, 21.031, 20.897, 21.039, 25.308, 21.447, 21.741, 21.05, 21.49, 21.523, 21.95, 25.39, 21.423, 21.304, 21.225, 21.312, 22.294, 25.368, 21.7, 21.701, 21.846, 21.973, 22.097, 25.643, 23.079, 21.915, 22.2, 21.746, 22.184, 25.558, 23.465, 22.316, 21.991, 22.105, 22.079, 26.165, 22.371, 22.029, 21.854, 24.485, 25.786, 23.988, 27.313, 21.324, 25.161, 21.651, 25.792, 25.894, 22.843, 26.398, 23.102, 25.908, 26.312, 23.282, 26.175, 26.469, 24.005, 25.889, 26.293, 24.058, 26.518, 26.739, 23.137, 26.62, 26.419, 22.896, 26.354, 26.514, 22.608, 26.598, 26.045, 23.528, 26.358, 22.853, 26.143, 26.373, 22.658, 26.542, 26.694, 22.563, 26.644, 26.293, 23.379, 26.516, 25.003, 25.152, 26.621, 23.237, 26.447, 26.573, 22.765, 26.241, 24.505, 24.806, 26.029, 23.801, 24.725, 25.648, 21.648, 25.486, 25.431, 21.231, 25.417, 24.813, 23.117, 25.812, 25.47, 21.545, 25.823, 25.528, 21.556, 25.288, 27.286, 25.617, 29.932], "salinity": [36.586, 36.618, 36.617, 36.575, 36.543, 36.558, 36.471, 36.62, 36.262, 36.564, 36.421, 36.324, 36.507, 35.923, 36.365, 36.25, 35.924, 36.505, 35.459, 36.47, 36.567, 36.62, 35.84, 36.647, 36.596, 36.64, 36.427, 36.445, 36.482, 36.665, 36.61, 36.52, 36.516, 36.531, 36.505, 36.683, 36.564, 36.523, 36.515, 36.665, 36.606, 36.675, 36.507, 36.527, 36.496, 36.503, 36.683, 36.55, 36.519, 36.525, 36.503, 36.668, 36.631, 36.668, 36.536, 36.685, 36.542, 36.537, 36.565, 36.679, 36.587, 36.543, 36.545, 36.522, 36.694, 36.555, 36.536, 36.518, 36.52, 36.676, 36.518, 36.519, 36.511, 36.54, 36.657, 36.509, 36.494, 36.505, 36.524, 36.629, 36.469, 36.499, 36.501, 36.482, 36.614, 36.623, 36.489, 36.478, 36.49, 36.492, 36.615, 36.623, 36.497, 36.505, 36.493, 36.499, 36.621, 36.535, 36.5, 36.516, 36.503, 36.627, 36.632, 36.511, 36.511, 36.511, 36.486, 36.62, 36.614, 36.513, 36.518, 36.51, 36.514, 36.608, 36.619, 36.516, 36.528, 36.514, 36.54, 36.669, 36.629, 36.548, 36.519, 36.497, 36.462, 36.655, 36.574, 36.533, 36.49, 36.519, 36.563, 36.564, 36.453, 36.483, 36.468, 36.482, 36.612, 36.583, 36.525, 36.519, 36.516, 36.526, 36.621, 36.516, 36.481, 36.492, 36.583, 36.56, 36.485, 36.478, 36.496, 36.594, 36.613, 36.483, 36.482, 36.454, 36.427, 36.509, 36.506, 36.39, 36.367, 36.346, 36.326, 36.365, 36.499, 36.459, 36.388, 36.331, 36.331, 36.401, 36.455, 36.593, 36.445, 36.334, 36.386, 36.318, 36.514, 36.557, 36.435, 36.435, 36.407, 36.316, 36.405, 36.486, 36.352, 36.359, 36.34, 36.344, 36.337, 36.367, 36.536, 36.424, 36.463, 36.419, 36.46, 36.474, 36.523, 36.594, 36.445, 36.439, 36.436, 36.44, 36.524, 36.576, 36.44, 36.467, 36.481, 36.492, 36.525, 36.636, 36.612, 36.508, 36.529, 36.49, 36.529, 36.63, 36.607, 36.53, 36.51, 36.502, 36.499, 36.699, 36.578, 36.538, 36.522, 36.607, 36.634, 36.643, 36.606, 36.462, 36.567, 36.506, 36.683, 36.656, 36.601, 36.671, 36.642, 36.706, 36.685, 36.653, 36.676, 36.649, 36.663, 36.662, 36.653, 36.651, 36.686, 36.671, 36.602, 36.653, 36.659, 36.571, 36.611, 36.606, 36.576, 36.621, 36.645, 36.623, 36.639, 36.589, 36.627, 36.69, 36.591, 36.722, 36.712, 36.584, 36.691, 36.687, 36.645, 36.666, 36.659, 36.667, 36.679, 36.627, 36.682, 36.67, 36.584, 36.694, 36.688, 36.696, 36.695, 36.627, 36.644, 36.622, 36.512, 36.647, 36.652, 36.483, 36.648, 36.643, 36.605, 36.651, 36.653, 36.427, 36.665, 36.659, 36.478, 36.666, 36.693, 36.67, 36.741], "density": [1024.109, 1024.482, 1024.7, 1024.753, 1025.333, 1025.224, 1025.655, 1025.139, 1026.381, 1025.461, 1025.729, 1026.159, 1025.358, 1026.552, 1026.038, 1026.211, 1027.274, 1025.596, 1028.276, 1025.804, 1025.624, 1024.797, 1027.751, 1025.032, 1025.698, 1025.37, 1026.146, 1026.122, 1026.042, 1024.884, 1025.853, 1026.022, 1026.002, 1025.976, 1026.078, 1024.864, 1025.973, 1026.02, 1026.022, 1025.145, 1025.756, 1024.893, 1026.056, 1026.023, 1026.099, 1026.071, 1024.898, 1026.003, 1025.994, 1025.994, 1026.046, 1025.09, 1025.538, 1025.118, 1026.003, 1024.565, 1025.927, 1025.98, 1025.886, 1024.716, 1025.86, 1025.927, 1025.956, 1026.0, 1024.724, 1025.916, 1025.925, 1025.952, 1025.995, 1024.765, 1025.934, 1025.899, 1025.97, 1025.875, 1024.692, 1025.954, 1025.977, 1025.953, 1025.943, 1024.724, 1025.986, 1025.945, 1025.943, 1025.964, 1025.035, 1025.338, 1025.887, 1025.917, 1025.933, 1025.984, 1025.137, 1025.335, 1025.964, 1025.894, 1025.968, 1025.988, 1024.659, 1025.905, 1025.977, 1025.88, 1025.929, 1025.003, 1025.336, 1025.863, 1025.92, 1025.902, 1025.94, 1025.102, 1025.092, 1025.861, 1025.842, 1025.86, 1025.878, 1025.485, 1024.786, 1025.877, 1025.832, 1025.898, 1025.779, 1024.631, 1025.616, 1025.85, 1025.91, 1025.913, 1025.892, 1024.583, 1025.796, 1025.881, 1026.013, 1025.919, 1025.769, 1024.744, 1025.92, 1025.851, 1025.934, 1025.932, 1024.612, 1025.656, 1025.797, 1025.85, 1025.9, 1025.874, 1024.994, 1026.175, 1025.916, 1025.873, 1024.768, 1025.739, 1025.897, 1025.976, 1025.946, 1025.43, 1024.88, 1025.97, 1025.922, 1025.931, 1026.001, 1025.406, 1024.992, 1025.933, 1025.963, 1025.954, 1026.087, 1025.974, 1024.21, 1025.902, 1025.939, 1026.266, 1026.309, 1026.066, 1025.441, 1024.527, 1026.177, 1026.337, 1026.002, 1026.447, 1025.523, 1024.805, 1025.861, 1025.911, 1025.836, 1026.042, 1025.808, 1024.655, 1025.935, 1025.936, 1026.061, 1025.945, 1025.996, 1025.968, 1024.662, 1025.899, 1025.836, 1026.04, 1025.932, 1025.935, 1025.817, 1024.677, 1025.942, 1025.976, 1026.006, 1025.977, 1025.706, 1024.68, 1025.853, 1025.89, 1025.849, 1025.816, 1025.805, 1024.65, 1025.551, 1025.874, 1025.798, 1025.924, 1025.801, 1024.686, 1025.417, 1025.756, 1025.854, 1025.809, 1025.81, 1024.513, 1025.762, 1025.846, 1025.868, 1024.974, 1024.526, 1025.153, 1023.989, 1025.966, 1024.721, 1025.927, 1024.618, 1024.574, 1025.629, 1024.414, 1025.597, 1024.631, 1024.479, 1025.568, 1024.52, 1024.392, 1025.308, 1024.617, 1024.469, 1025.279, 1024.409, 1024.318, 1025.568, 1024.347, 1024.424, 1025.623, 1024.413, 1024.346, 1025.719, 1024.327, 1024.537, 1025.418, 1024.42, 1025.624, 1024.478, 1024.451, 1025.701, 1024.423, 1024.366, 1025.743, 1024.378, 1024.494, 1025.507, 1024.401, 1024.94, 1024.882, 1024.373, 1025.542, 1024.439, 1024.382, 1025.68, 1024.517, 1025.136, 1025.018, 1024.568, 1025.303, 1024.97, 1024.612, 1025.921, 1024.681, 1024.698, 1026.029, 1024.695, 1024.899, 1025.468, 1024.598, 1024.729, 1025.837, 1024.594, 1024.692, 1025.889, 1024.77, 1024.101, 1024.679, 1023.182], "conductivity": [5.712, 5.619, 5.549, 5.511, 5.332, 5.363, 5.165, 5.396, 4.833, 5.262, 5.112, 4.933, 5.279, 4.836, 5.003, 4.909, 4.482, 5.218, 4.032, 5.144, 5.248, 5.531, 4.333, 5.475, 5.253, 5.371, 5.053, 5.07, 5.11, 5.53, 5.218, 5.137, 5.144, 5.159, 5.12, 5.548, 5.175, 5.146, 5.142, 5.455, 5.252, 5.534, 5.123, 5.143, 5.107, 5.119, 5.534, 5.155, 5.148, 5.152, 5.129, 5.471, 5.325, 5.465, 5.156, 5.638, 5.185, 5.169, 5.208, 5.596, 5.221, 5.188, 5.182, 5.158, 5.602, 5.197, 5.187, 5.17, 5.159, 5.582, 5.176, 5.185, 5.161, 5.196, 5.596, 5.162, 5.151, 5.161, 5.17, 5.573, 5.137, 5.161, 5.162, 5.149, 5.473, 5.386, 5.172, 5.155, 5.156, 5.144, 5.443, 5.385, 5.154, 5.178, 5.148, 5.145, 5.589, 5.185, 5.151, 5.188, 5.17, 5.49, 5.393, 5.191, 5.174, 5.178, 5.159, 5.457, 5.458, 5.193, 5.202, 5.193, 5.19, 5.339, 5.553, 5.19, 5.21, 5.185, 5.232, 5.622, 5.31, 5.211, 5.18, 5.17, 5.16, 5.628, 5.23, 5.192, 5.136, 5.174, 5.23, 5.538, 5.146, 5.18, 5.149, 5.155, 5.601, 5.275, 5.214, 5.196, 5.179, 5.191, 5.487, 5.097, 5.162, 5.178, 5.539, 5.239, 5.169, 5.143, 5.159, 5.346, 5.518, 5.143, 5.157, 5.141, 5.107, 5.312, 5.436, 5.105, 5.086, 5.079, 5.031, 5.078, 5.676, 5.134, 5.1, 4.98, 4.971, 5.071, 5.283, 5.618, 5.061, 4.976, 5.094, 4.942, 5.286, 5.518, 5.15, 5.133, 5.143, 5.043, 5.143, 5.532, 5.086, 5.088, 5.042, 5.08, 5.065, 5.082, 5.554, 5.131, 5.169, 5.091, 5.142, 5.146, 5.195, 5.571, 5.132, 5.119, 5.111, 5.121, 5.232, 5.566, 5.162, 5.165, 5.182, 5.197, 5.213, 5.603, 5.325, 5.192, 5.225, 5.173, 5.223, 5.594, 5.366, 5.237, 5.201, 5.211, 5.208, 5.669, 5.249, 5.208, 5.187, 5.474, 5.618, 5.428, 5.781, 5.122, 5.541, 5.162, 5.626, 5.633, 5.3, 5.69, 5.332, 5.642, 5.682, 5.353, 5.666, 5.694, 5.431, 5.635, 5.677, 5.436, 5.707, 5.728, 5.333, 5.712, 5.692, 5.304, 5.677, 5.693, 5.272, 5.705, 5.649, 5.376, 5.682, 5.3, 5.657, 5.691, 5.283, 5.714, 5.729, 5.271, 5.721, 5.682, 5.363, 5.703, 5.539, 5.557, 5.716, 5.346, 5.698, 5.709, 5.291, 5.677, 5.488, 5.523, 5.654, 5.404, 5.506, 5.602, 5.164, 5.588, 5.583, 5.117, 5.581, 5.517, 5.33, 5.624, 5.588, 5.148, 5.627, 5.595, 5.152, 5.57, 5.79, 5.605, 6.087]}, "times": ["2026-07-02T23:06", "2026-07-03T07:37", "2026-07-03T13:03", "2026-07-03T19:14", "2026-07-04T02:02", "2026-07-04T07:02", "2026-07-04T13:19", "2026-07-04T19:26", "2026-07-05T04:15", "2026-07-05T08:00", "2026-07-05T15:59", "2026-07-05T22:09", "2026-07-06T05:06", "2026-07-06T09:56", "2026-07-06T17:12", "2026-07-06T23:02", "2026-07-07T04:50", "2026-07-07T08:27", "2026-07-07T14:44", "2026-07-07T21:01", "2026-07-07T23:35", "2026-07-08T05:41", "2026-07-08T09:12", "2026-07-08T15:40", "2026-07-08T21:58", "2026-07-09T00:23", "2026-07-09T09:32", "2026-07-09T15:36", "2026-07-09T21:39", "2026-07-10T03:41", "2026-07-10T09:41", "2026-07-10T18:28", "2026-07-11T00:31", "2026-07-11T09:37", "2026-07-11T15:29", "2026-07-11T21:19", "2026-07-12T05:51", "2026-07-12T11:40", "2026-07-12T20:39", "2026-07-13T03:08", "2026-07-13T09:07", "2026-07-13T15:03", "2026-07-13T23:52", "2026-07-14T05:45", "2026-07-14T14:51", "2026-07-14T20:34", "2026-07-15T02:11", "2026-07-15T11:01", "2026-07-15T17:02", "2026-07-15T22:52", "2026-07-16T07:57", "2026-07-16T14:33", "2026-07-16T20:27", "2026-07-17T02:05", "2026-07-17T10:49", "2026-07-17T16:36", "2026-07-20T02:23", "2026-07-20T11:27", "2026-07-20T17:48", "2026-07-20T23:52", "2026-07-21T08:31", "2026-07-21T14:26", "2026-07-21T23:29", "2026-07-22T05:18", "2026-07-22T11:05", "2026-07-22T19:52", "2026-07-23T01:37", "2026-07-23T10:36", "2026-07-23T16:20", "2026-07-23T22:06", "2026-07-24T06:32", "2026-07-24T12:21", "2026-07-24T21:20", "2026-07-25T02:59", "2026-07-25T08:58", "2026-07-25T17:32", "2026-07-25T23:19", "2026-07-26T08:14", "2026-07-26T14:04", "2026-07-26T19:53", "2026-07-27T04:30", "2026-07-27T10:18", "2026-07-27T19:21", "2026-07-28T01:12", "2026-07-28T07:16", "2026-07-28T13:19", "2026-07-28T22:04", "2026-07-29T04:06", "2026-07-29T13:18", "2026-07-29T19:17", "2026-07-30T01:11", "2026-07-30T07:05", "2026-07-30T15:44", "2026-07-30T21:34", "2026-07-31T06:41", "2026-07-31T12:25", "2026-07-31T18:30", "2026-08-01T03:25", "2026-08-01T09:13", "2026-08-01T18:28", "2026-08-02T00:21", "2026-08-02T06:14", "2026-08-02T12:09", "2026-08-02T20:50", "2026-08-03T02:46", "2026-08-03T11:50", "2026-08-03T17:41", "2026-08-03T23:47", "2026-08-04T05:51", "2026-08-04T14:40", "2026-08-04T20:43", "2026-08-05T05:57", "2026-08-05T11:54", "2026-08-05T17:50", "2026-08-05T23:47", "2026-08-06T08:29", "2026-08-06T14:23", "2026-08-06T23:28", "2026-08-07T05:23", "2026-08-07T11:15", "2026-08-07T17:06", "2026-08-08T01:55", "2026-08-08T07:59", "2026-08-08T16:58", "2026-08-08T22:52", "2026-08-09T04:45", "2026-08-09T13:28", "2026-08-09T19:10", "2026-08-10T01:15", "2026-08-10T10:19", "2026-08-10T16:11", "2026-08-10T22:08", "2026-08-11T06:51", "2026-08-11T12:45", "2026-08-11T21:43", "2026-08-12T03:50", "2026-08-12T09:44", "2026-08-12T15:41", "2026-08-13T00:20", "2026-08-13T06:15", "2026-08-13T15:27", "2026-08-13T21:19", "2026-08-14T03:14", "2026-08-14T09:08", "2026-08-14T20:58", "2026-08-15T02:51", "2026-08-15T08:44", "2026-08-15T17:22", "2026-08-15T23:21", "2026-08-16T08:16", "2026-08-16T14:08", "2026-08-16T20:01", "2026-08-17T01:46", "2026-08-17T10:09", "2026-08-17T15:47", "2026-08-18T01:22", "2026-08-18T07:21", "2026-08-18T13:19", "2026-08-18T19:18", "2026-08-19T04:01", "2026-08-19T10:07", "2026-08-19T19:22", "2026-08-20T01:20", "2026-08-20T07:18", "2026-08-20T13:16", "2026-08-20T19:51", "2026-08-21T04:49", "2026-08-21T11:08", "2026-08-21T20:27", "2026-08-22T02:17", "2026-08-22T08:44", "2026-08-22T14:42", "2026-08-22T23:35", "2026-08-23T05:39", "2026-08-23T14:57", "2026-08-23T20:54", "2026-08-24T03:05", "2026-08-24T08:47", "2026-08-24T17:21", "2026-08-24T23:44", "2026-08-25T09:22", "2026-08-25T15:17", "2026-08-25T21:04", "2026-08-26T03:13", "2026-08-26T12:21", "2026-08-26T18:41", "2026-08-27T01:12", "2026-08-27T11:10", "2026-08-27T17:24", "2026-08-27T23:33", "2026-08-28T05:49", "2026-08-28T14:49", "2026-08-28T21:01", "2026-08-29T03:16", "2026-08-29T12:53", "2026-08-29T19:02", "2026-08-30T01:09", "2026-08-30T07:16", "2026-08-30T16:08", "2026-08-30T22:13", "2026-08-31T07:26", "2026-08-31T13:23", "2026-08-31T19:20", "2026-09-01T01:14", "2026-09-01T10:01", "2026-09-01T15:58", "2026-09-02T01:07", "2026-09-02T07:09", "2026-09-02T13:23", "2026-09-02T19:37", "2026-09-03T04:42", "2026-09-03T10:51", "2026-09-03T16:58", "2026-09-04T02:05", "2026-09-04T08:12", "2026-09-04T14:05", "2026-09-04T19:57", "2026-09-05T04:35", "2026-09-05T10:34", "2026-09-05T19:37", "2026-09-06T01:31", "2026-09-06T07:27", "2026-09-06T16:11", "2026-09-06T22:09", "2026-09-07T04:07", "2026-09-07T19:38", "2026-09-08T03:49", "2026-09-08T09:23", "2026-09-08T18:13", "2026-09-08T23:52", "2026-09-09T06:45", "2026-09-09T15:44", "2026-09-09T22:16", "2026-09-10T05:11", "2026-09-10T11:40", "2026-09-10T18:28", "2026-09-11T03:17", "2026-09-11T09:31", "2026-09-11T16:08", "2026-09-12T00:42", "2026-09-12T06:57", "2026-09-12T13:30", "2026-09-12T22:02", "2026-09-13T04:17", "2026-09-13T10:54", "2026-09-13T19:31", "2026-09-14T01:54", "2026-09-14T08:32", "2026-09-14T17:03", "2026-09-14T23:29", "2026-09-15T05:53", "2026-09-15T14:41", "2026-09-15T21:10", "2026-09-16T03:57", "2026-09-16T10:23", "2026-09-16T19:05", "2026-09-17T01:42", "2026-09-17T08:06", "2026-09-17T14:48", "2026-09-17T23:28", "2026-09-18T05:48", "2026-09-18T12:26", "2026-09-18T20:52", "2026-09-19T03:15", "2026-09-19T10:06", "2026-09-19T16:25", "2026-09-19T23:07", "2026-09-20T07:43", "2026-09-20T13:57", "2026-09-20T20:37", "2026-09-21T05:15", "2026-09-21T11:33", "2026-09-21T18:08", "2026-09-22T02:52", "2026-09-22T09:14", "2026-09-22T16:02", "2026-09-22T22:40", "2026-09-23T05:28", "2026-09-23T14:16", "2026-09-23T20:40", "2026-09-24T03:15", "2026-09-24T11:53", "2026-09-24T18:14", "2026-09-25T00:54", "2026-09-25T09:38", "2026-09-25T16:01", "2026-09-25T22:48", "2026-09-26T05:11", "2026-09-26T13:56", "2026-09-26T20:47", "2026-09-27T03:17", "2026-09-27T09:59", "2026-09-27T17:14", "2026-09-28T02:12", "2026-09-28T08:46", "2026-09-28T15:32", "2026-09-28T21:52", "2026-09-29T05:52", "2026-09-29T13:24", "2026-09-29T20:42", "2026-09-30T00:35"]}}, {"type": "Feature", "geometry": {"type": "Point", "coordinates": [-96.0209, 27.1852]}, "properties": {"kind": "now", "id": "unit_541", "operator": "Texas A&M University", "color": "#c98bff", "dataset": "unit_541-20260630T0000", "time": "2026-09-30T00:35:55Z", "n": 806076, "maxDepth": 969.2, "surface": {"temperature": 26.707, "salinity": 36.689, "density": 1024.309, "conductivity": 5.726}, "profile": {"depth": [0, 5, 10, 15, 20, 25, 30, 35, 40, 45, 50, 55, 60, 65, 70, 75, 80, 85, 90, 95, 100, 105, 110, 115, 120, 125, 130, 135, 140, 145, 150, 155, 160, 165, 170, 175, 180, 185, 190, 195, 200, 205, 210, 215, 220, 225, 230, 235, 240, 245, 250, 255, 260, 265, 270, 275, 280, 285, 290, 295, 300, 305, 310, 315, 320, 325, 330, 335, 340, 345, 350, 355, 360, 365, 370, 375, 380, 385, 390, 395, 400, 405, 410, 415, 420, 425, 430, 435, 440, 445, 450], "temperature": [30.777, 30.782, 30.782, 30.785, 30.787, 30.773, 30.763, 30.54, 29.593, 27.781, 26.917, 26.181, 25.637, 25.316, 24.849, 24.585, 24.332, 23.898, 23.486, 23.038, 22.643, 22.413, 21.642, 21.242, 21.26, 20.575, 20.281, 19.77, 19.281, 18.988, 18.583, 18.367, 17.985, 17.661, 17.327, 17.071, 16.904, 16.587, 16.33, 16.151, 16.01, 15.94, 15.858, 15.605, 15.443, 15.041, 14.853, 14.75, 14.628, 14.561, 14.529, 14.448, 14.333, 14.227, 14.056, 13.941, 13.87, 13.797, 13.645, 13.529, 13.376, 13.223, 12.936, 12.625, 12.489, 12.085, 11.819, 11.789, 11.727, 11.674, 11.555, 11.503, 11.464, 11.402, 11.369, 11.295, 11.197, 11.157, 11.124, 11.045, 10.962, 10.898, 10.785, 10.73, 10.668, 10.618, 10.544, 10.506, 10.462, 10.352, 10.307], "salinity": [36.795, 36.794, 36.793, 36.793, 36.792, 36.789, 36.785, 36.74, 36.666, 36.648, 36.649, 36.67, 36.676, 36.674, 36.674, 36.674, 36.67, 36.628, 36.585, 36.608, 36.61, 36.683, 36.621, 36.667, 36.73, 36.658, 36.639, 36.597, 36.549, 36.518, 36.491, 36.464, 36.41, 36.362, 36.317, 36.281, 36.251, 36.204, 36.166, 36.138, 36.116, 36.103, 36.088, 36.051, 36.026, 35.963, 35.933, 35.92, 35.899, 35.888, 35.883, 35.869, 35.851, 35.834, 35.808, 35.79, 35.779, 35.767, 35.745, 35.725, 35.701, 35.676, 35.629, 35.586, 35.561, 35.507, 35.466, 35.461, 35.452, 35.444, 35.429, 35.42, 35.414, 35.406, 35.401, 35.39, 35.376, 35.371, 35.365, 35.354, 35.343, 35.335, 35.319, 35.311, 35.303, 35.296, 35.286, 35.281, 35.275, 35.26, 35.256], "density": [1022.823, 1022.837, 1022.856, 1022.873, 1022.891, 1022.92, 1022.941, 1023.005, 1023.296, 1023.913, 1024.215, 1024.488, 1024.687, 1024.806, 1024.97, 1025.071, 1025.165, 1025.288, 1025.396, 1025.569, 1025.71, 1025.853, 1026.045, 1026.213, 1026.277, 1026.431, 1026.518, 1026.648, 1026.766, 1026.839, 1026.945, 1027.001, 1027.077, 1027.144, 1027.214, 1027.273, 1027.313, 1027.374, 1027.428, 1027.472, 1027.509, 1027.537, 1027.566, 1027.618, 1027.66, 1027.726, 1027.767, 1027.803, 1027.837, 1027.862, 1027.882, 1027.913, 1027.948, 1027.981, 1028.021, 1028.055, 1028.085, 1028.113, 1028.151, 1028.184, 1028.221, 1028.257, 1028.303, 1028.357, 1028.383, 1028.445, 1028.493, 1028.518, 1028.545, 1028.573, 1028.602, 1028.629, 1028.654, 1028.683, 1028.705, 1028.733, 1028.763, 1028.789, 1028.813, 1028.843, 1028.872, 1028.901, 1028.933, 1028.958, 1028.989, 1029.016, 1029.044, 1029.069, 1029.095, 1029.129, 1029.142], "conductivity": [6.187, 6.188, 6.188, 6.188, 6.188, 6.187, 6.185, 6.154, 6.038, 5.835, 5.74, 5.663, 5.604, 5.569, 5.519, 5.49, 5.462, 5.41, 5.36, 5.315, 5.273, 5.258, 5.168, 5.132, 5.142, 5.06, 5.027, 4.968, 4.911, 4.877, 4.831, 4.806, 4.76, 4.721, 4.682, 4.652, 4.631, 4.594, 4.563, 4.542, 4.525, 4.517, 4.507, 4.478, 4.459, 4.412, 4.39, 4.378, 4.364, 4.356, 4.352, 4.343, 4.33, 4.318, 4.298, 4.285, 4.277, 4.269, 4.251, 4.238, 4.221, 4.203, 4.17, 4.135, 4.12, 4.075, 4.045, 4.042, 4.035, 4.03, 4.017, 4.011, 4.007, 4.0, 3.997, 3.989, 3.978, 3.974, 3.97, 3.962, 3.953, 3.946, 3.934, 3.928, 3.922, 3.916, 3.909, 3.905, 3.9, 3.888, 3.884]}}}, {"type": "Feature", "geometry": {"type": "LineString", "coordinates": [[-90.9951, 27.5236], [-91.0214, 27.5116], [-91.0469, 27.4987], [-91.0713, 27.4868], [-91.0957, 27.4751], [-91.1224, 27.4646], [-91.1519, 27.4562], [-91.1827, 27.4498], [-91.2134, 27.4455], [-91.2538, 27.4428], [-91.3054, 27.4398], [-91.3548, 27.4348], [-91.4203, 27.4232], [-91.5093, 27.4018], [-91.5646, 27.3928], [-91.6105, 27.3828], [-91.6391, 27.3751], [-91.6792, 27.3598], [-91.7273, 27.3413], [-91.7068, 27.2855], [-91.2645, 26.5974], [-91.2571, 26.6091], [-91.2558, 26.6161], [-91.2559, 26.6222], [-91.2469, 26.6366], [-91.2505, 26.6428], [-91.2542, 26.6492], [-91.2446, 26.6639], [-91.2499, 26.6729], [-91.2511, 26.6809], [-91.2428, 26.6934], [-91.2461, 26.7035], [-91.2455, 26.7132], [-91.2379, 26.7243], [-91.2375, 26.7345], [-91.2359, 26.741], [-91.2266, 26.7541], [-91.2295, 26.7633], [-91.2263, 26.7725], [-91.22, 26.7813], [-91.2273, 26.7914], [-91.2254, 26.7981], [-91.2181, 26.8078], [-91.2236, 26.8219], [-91.2196, 26.8287], [-91.2132, 26.8388], [-91.2128, 26.8506], [-91.2058, 26.8598], [-91.203, 26.8653], [-91.205, 26.8718], [-91.1962, 26.8826], [-91.1934, 26.8972], [-91.1929, 26.9251], [-91.1843, 26.9348], [-91.1823, 26.9447], [-91.1842, 26.9562], [-91.1722, 26.9689], [-91.1731, 26.9763], [-91.1741, 26.9847], [-91.1621, 26.9971], [-91.1636, 27.0065], [-91.1647, 27.0138], [-91.1517, 27.0265], [-91.1536, 27.0339], [-91.1556, 27.0416], [-91.143, 27.0534], [-91.1447, 27.0615], [-91.1446, 27.0693], [-91.1322, 27.0803], [-91.1343, 27.0856], [-91.136, 27.0899], [-91.1226, 27.1015], [-91.1247, 27.1051], [-91.1244, 27.1099], [-91.1133, 27.1192], [-91.1193, 27.1223], [-91.1162, 27.1274], [-91.1067, 27.1351], [-91.1182, 27.1382], [-91.1121, 27.1443], [-91.1057, 27.1498], [-91.1141, 27.1506], [-91.1044, 27.1566], [-91.1008, 27.1588], [-91.107, 27.1544], [-91.0949, 27.1632], [-91.093, 27.1642], [-91.0945, 27.1624], [-91.0801, 27.1734], [-91.08, 27.1716], [-91.0789, 27.1706], [-91.0652, 27.1808], [-91.0643, 27.1799], [-91.0602, 27.1819], [-91.049, 27.1904], [-91.0442, 27.1901], [-91.037, 27.1944], [-91.0283, 27.2009], [-91.0182, 27.2025], [-91.0095, 27.209], [-91.0024, 27.2147], [-90.9868, 27.2214], [-90.9796, 27.2273], [-90.9693, 27.2359], [-90.9525, 27.2504], [-90.9412, 27.2599], [-90.9337, 27.269], [-90.9176, 27.2939], [-90.9086, 27.3008], [-90.891, 27.328], [-90.8543, 27.3975], [-90.8364, 27.4011], [-90.8315, 27.4187], [-90.8258, 27.4465], [-90.8095, 27.4403], [-90.8087, 27.4572], [-90.8093, 27.4787], [-90.7975, 27.4665], [-90.8015, 27.4871], [-90.804, 27.5019], [-90.7954, 27.4885], [-90.7972, 27.5065], [-90.7983, 27.522], [-90.7914, 27.5069], [-90.7949, 27.5266], [-90.7963, 27.5366], [-90.791, 27.5227], [-90.7943, 27.5482], [-90.7927, 27.5463], [-90.7895, 27.5367], [-90.7959, 27.5674], [-90.7932, 27.559], [-90.7919, 27.557], [-90.7958, 27.5839], [-90.7923, 27.5711], [-90.7917, 27.5769], [-90.7922, 27.5953], [-90.7888, 27.5813], [-90.7903, 27.601], [-90.7891, 27.6011], [-90.7876, 27.5981], [-90.7888, 27.6219], [-90.7863, 27.6103], [-90.7875, 27.6242], [-90.7877, 27.63], [-90.7854, 27.6183], [-90.7896, 27.6418], [-90.7891, 27.6391], [-90.795, 27.6385], [-90.8356, 27.6837], [-90.8318, 27.6725], [-90.829, 27.6738], [-90.8265, 27.6832], [-90.8225, 27.6695], [-90.8194, 27.6874], [-90.8242, 27.6893], [-90.8343, 27.6865], [-90.829, 27.7008], [-90.8257, 27.6886], [-90.8208, 27.6858], [-90.8129, 27.6873], [-90.8096, 27.673], [-90.8, 27.6786], [-90.7949, 27.6774], [-90.7926, 27.6653], [-90.773, 27.6802], [-90.7708, 27.671], [-90.7685, 27.666], [-90.7467, 27.6932], [-90.7563, 27.6897], [-90.7584, 27.6956], [-90.7435, 27.7211], [-90.7586, 27.7153], [-90.7535, 27.7298], [-90.7602, 27.7318], [-90.7678, 27.7331], [-90.7723, 27.7401], [-90.7851, 27.7347], [-90.7916, 27.7434], [-90.8032, 27.7385], [-90.8065, 27.7414], [-90.8114, 27.7427], [-90.821, 27.7389], [-90.8202, 27.7413], [-90.8325, 27.7356], [-90.8294, 27.7349], [-90.8344, 27.7317], [-90.8401, 27.7283], [-90.8331, 27.7289], [-90.8465, 27.7228], [-90.8403, 27.7223], [-90.8396, 27.7206], [-90.8512, 27.7151], [-90.8104, 27.7264], [-90.8184, 27.7227], [-90.8091, 27.7243], [-90.7859, 27.7302], [-90.7988, 27.7248], [-90.7627, 27.7375], [-90.7653, 27.7361], [-90.7542, 27.7406], [-90.7328, 27.7492], [-90.7449, 27.7439], [-90.7085, 27.7557], [-90.715, 27.7523], [-90.6789, 27.7609], [-90.6026, 27.7813], [-90.6178, 27.7753], [-90.5802, 27.7871], [-90.5772, 27.7872], [-90.5648, 27.7912], [-90.5407, 27.7996], [-90.5378, 27.8], [-90.5044, 27.8108], [-90.5165, 27.8056], [-90.4673, 27.8204], [-90.4775, 27.816], [-90.3934, 27.836], [-90.3898, 27.8355], [-90.3671, 27.8416], [-90.3407, 27.8485], [-90.3254, 27.8518], [-90.2967, 27.8592], [-90.2356, 27.875], [-90.1981, 27.8842], [-90.1385, 27.9021], [-90.1246, 27.9059], [-90.0863, 27.9176], [-90.0216, 27.9359], [-89.9676, 27.9506], [-89.9069, 27.9695], [-89.8952, 27.9711], [-89.8178, 27.9909], [-89.8049, 27.9874], [-89.7064, 28.0131], [-89.6884, 28.0108], [-89.593, 28.0303], [-89.5686, 28.0302], [-89.539, 28.0295], [-89.4535, 28.0391], [-89.4397, 28.0319], [-89.3856, 28.0312], [-89.3167, 28.0314], [-89.3024, 28.0221], [-89.2264, 28.0172], [-89.1828, 28.0114], [-89.1726, 28.0034], [-89.076, 27.9966], [-89.0546, 27.9892], [-89.0315, 27.98], [-88.7999, 27.944], [-88.7966, 27.9326], [-88.7673, 27.9213], [-88.6868, 27.9031], [-88.688, 27.8889], [-88.6519, 27.8762], [-88.5989, 27.8612], [-88.6212, 27.8157], [-88.5111, 27.771], [-88.4298, 27.7306], [-88.4711, 27.7163], [-88.3439, 27.632], [-88.3164, 27.5938], [-88.2979, 27.5565], [-88.1569, 27.4185], [-88.1608, 27.3804], [-88.1756, 27.1643], [-88.1979, 26.8111], [-88.1819, 26.766], [-88.2059, 26.7084], [-88.2294, 26.6665], [-88.2499, 26.6411], [-88.3371, 26.6031], [-88.3581, 26.5772], [-88.4069, 26.5442], [-88.6379, 26.4489], [-88.8875, 26.4186], [-88.9847, 26.4177], [-89.0359, 26.4329], [-89.1003, 26.4507], [-89.1225, 26.4714], [-89.1439, 26.5035], [-89.2194, 26.6094], [-89.2471, 26.669], [-89.2638, 26.7852], [-89.2544, 26.9369], [-89.2599, 27.1346], [-89.2175, 27.2486], [-89.1563, 27.3752], [-89.0245, 27.5535], [-88.9295, 27.6536], [-88.798, 27.7235], [-88.3854, 27.7008], [-88.2353, 27.6267], [-88.0895, 27.5423], [-87.9406, 27.4419], [-87.6866, 27.1807], [-87.6343, 26.865], [-87.6337, 26.5349], [-87.5874, 26.1166], [-87.5874, 26.1166]]}, "properties": {"kind": "track", "id": "ng1256", "operator": "US Navy (NAVOCEANO)", "color": "#5ee68a", "dataset": "ng1256-20260713T0000", "vals": {"temperature": [27.019, 24.442, 24.356, 24.287, 24.481, 25.021, 25.147, 25.087, 25.331, 25.49, 25.979, 26.39, 23.927, 22.31, 26.782, 26.956, 26.77, 26.667, 26.764, 27.065, 18.149, 8.887, 27.373, 9.971, 10.556, 27.321, 9.801, 11.611, 26.8, 8.171, 12.486, 26.946, 7.774, 13.3, 26.86, 8.076, 13.525, 26.69, 6.823, 15.732, 26.596, 6.955, 18.682, 26.615, 6.521, 25.837, 16.03, 7.056, 26.374, 14.985, 8.241, 25.648, 13.155, 7.902, 25.248, 10.893, 10.207, 25.544, 10.353, 10.573, 25.454, 9.466, 10.402, 25.614, 10.595, 10.451, 25.393, 9.294, 10.993, 25.774, 9.723, 10.298, 25.449, 8.569, 13.77, 25.855, 7.365, 17.285, 25.908, 6.522, 26.022, 18.433, 7.003, 26.076, 14.611, 8.147, 26.078, 10.609, 9.191, 25.961, 9.105, 10.803, 26.277, 7.529, 14.166, 26.386, 6.509, 19.064, 26.401, 6.255, 25.173, 22.592, 6.189, 27.171, 14.659, 6.687, 27.448, 14.274, 6.448, 27.594, 12.693, 7.73, 27.958, 10.551, 8.024, 28.217, 10.177, 9.933, 28.296, 8.078, 10.395, 28.278, 9.136, 11.371, 28.552, 8.045, 16.556, 27.988, 6.491, 22.166, 25.914, 6.549, 27.77, 17.011, 7.772, 27.961, 12.057, 14.078, 28.27, 7.188, 28.188, 16.748, 10.589, 28.088, 8.006, 17.938, 28.239, 6.941, 27.914, 16.891, 7.298, 28.024, 10.464, 16.152, 28.535, 6.954, 28.335, 19.783, 7.307, 28.516, 10.437, 13.289, 28.613, 7.106, 23.04, 27.673, 6.549, 28.609, 21.927, 6.804, 29.066, 14.853, 14.918, 28.861, 7.468, 28.925, 12.051, 24.376, 27.085, 10.319, 28.317, 8.174, 28.62, 17.511, 14.154, 28.409, 7.352, 28.69, 15.485, 11.741, 28.414, 7.983, 23.544, 27.596, 8.11, 29.263, 12.213, 20.178, 29.519, 8.719, 29.507, 11.635, 23.258, 29.204, 8.368, 29.36, 15.012, 17.759, 29.438, 9.92, 29.556, 13.409, 29.382, 17.307, 27.133, 28.179, 23.256, 29.645, 12.129, 29.817, 12.547, 29.672, 15.677, 29.678, 28.609, 27.605, 29.807, 15.908, 29.84, 28.601, 27.531, 29.859, 18.936, 26.363, 29.587, 23.215, 29.793, 8.489, 29.695, 18.533, 12.21, 29.643, 13.359, 17.547, 29.787, 10.265, 24.491, 29.716, 8.899, 29.775, 25.333, 10.748, 29.744, 18.322, 13.484, 29.853, 15.905, 16.376, 29.81, 12.784, 25.045, 29.816, 10.004, 29.888, 25.92, 14.379, 30.123, 18.064, 21.606, 30.198, 11.733, 28.544, 29.698, 11.352, 29.24, 24.148, 29.094, 29.387, 26.407, 25.489, 29.245, 28.933, 17.868, 29.0, 28.792, 26.112, 23.018, 28.693, 27.052, 20.858, 28.293, 28.514, 17.588, 28.409, 28.444, 22.433, 26.121, 28.244, 28.727, 17.31, 30.079], "salinity": [35.522, 36.084, 36.102, 36.064, 35.958, 35.876, 35.895, 35.909, 35.864, 35.83, 35.814, 35.825, 35.972, 36.193, 35.717, 35.716, 35.649, 35.78, 35.892, 36.024, 36.231, 35.088, 36.132, 35.164, 35.301, 36.137, 35.138, 35.454, 36.133, 34.975, 35.589, 36.232, 34.945, 35.72, 36.191, 34.962, 35.751, 36.313, 34.9, 36.107, 36.268, 34.901, 36.463, 36.401, 34.9, 36.429, 36.05, 34.934, 36.309, 35.895, 35.017, 36.492, 35.618, 34.99, 36.56, 35.294, 35.251, 36.537, 35.22, 35.301, 36.544, 35.104, 35.28, 36.515, 35.246, 35.286, 36.534, 35.087, 35.357, 36.5, 35.135, 35.254, 36.517, 35.012, 35.781, 36.512, 34.924, 36.319, 36.551, 34.908, 36.572, 36.31, 34.929, 36.526, 35.815, 35.009, 36.514, 35.231, 35.105, 36.54, 35.056, 35.331, 36.519, 34.929, 35.84, 36.503, 34.899, 36.503, 36.487, 34.907, 36.571, 36.455, 34.91, 36.431, 35.797, 34.917, 36.326, 35.723, 34.911, 36.246, 35.52, 34.975, 36.212, 35.216, 34.996, 36.308, 35.168, 35.234, 36.371, 34.96, 35.29, 36.297, 35.055, 35.422, 36.297, 34.966, 36.213, 36.333, 34.901, 36.62, 36.346, 34.916, 36.311, 36.155, 34.978, 36.304, 35.42, 35.834, 36.341, 34.922, 36.321, 36.123, 35.299, 36.41, 34.96, 36.395, 36.426, 34.91, 36.446, 36.082, 34.939, 36.262, 35.214, 36.13, 36.132, 34.906, 36.093, 36.353, 34.938, 36.141, 35.21, 35.723, 36.175, 34.911, 36.623, 36.29, 34.914, 36.409, 36.497, 34.917, 36.366, 35.84, 35.967, 36.151, 34.949, 36.138, 35.415, 36.58, 36.245, 35.281, 36.404, 34.972, 36.422, 36.164, 35.847, 36.436, 34.926, 36.419, 35.925, 35.481, 36.405, 34.957, 36.655, 36.479, 35.0, 36.408, 35.437, 36.607, 36.411, 35.067, 36.395, 35.362, 36.643, 36.408, 35.031, 36.354, 35.879, 36.383, 36.279, 35.225, 36.272, 35.629, 36.269, 36.232, 36.453, 36.43, 36.69, 36.279, 35.523, 36.305, 35.531, 36.276, 36.06, 36.288, 36.355, 36.471, 36.273, 36.052, 36.316, 36.374, 36.48, 36.31, 36.437, 36.58, 36.333, 36.748, 36.319, 35.038, 36.27, 36.393, 35.526, 36.286, 35.631, 36.387, 36.267, 35.198, 36.734, 36.255, 35.066, 36.196, 36.609, 35.321, 36.171, 36.419, 35.72, 36.204, 36.041, 36.195, 36.163, 35.547, 36.682, 36.157, 35.191, 36.164, 36.553, 35.871, 36.195, 36.399, 36.84, 36.178, 35.393, 36.198, 36.179, 35.4, 36.177, 36.809, 36.177, 36.221, 36.526, 36.173, 36.236, 36.26, 36.425, 36.237, 36.267, 36.611, 36.07, 36.302, 36.464, 36.177, 36.315, 36.322, 36.387, 36.378, 36.379, 36.782, 36.211, 36.427, 36.323, 36.341, 36.203], "density": [1023.228, 1024.52, 1024.558, 1024.545, 1024.404, 1024.165, 1024.138, 1024.172, 1024.058, 1023.984, 1023.805, 1023.672, 1024.611, 1025.386, 1023.483, 1023.421, 1023.43, 1023.562, 1023.616, 1023.605, 1026.786, 1029.209, 1023.58, 1028.905, 1028.687, 1023.602, 1028.937, 1028.404, 1023.774, 1029.517, 1028.16, 1023.794, 1029.72, 1027.958, 1023.787, 1029.604, 1027.89, 1023.937, 1030.256, 1027.367, 1023.926, 1030.176, 1026.679, 1024.035, 1030.422, 1024.294, 1027.331, 1030.014, 1024.014, 1027.558, 1029.497, 1024.385, 1028.001, 1029.598, 1024.57, 1028.62, 1028.772, 1024.451, 1028.785, 1028.677, 1024.485, 1029.091, 1028.731, 1024.411, 1028.727, 1028.72, 1024.499, 1029.143, 1028.514, 1024.355, 1028.996, 1028.735, 1024.474, 1029.405, 1027.765, 1024.336, 1029.989, 1027.001, 1024.357, 1030.434, 1024.326, 1026.7, 1030.051, 1024.282, 1027.61, 1029.406, 1024.269, 1028.505, 1028.883, 1024.333, 1028.99, 1028.421, 1024.215, 1029.701, 1027.678, 1024.171, 1030.336, 1026.619, 1024.174, 1030.462, 1024.642, 1025.497, 1030.431, 1023.875, 1027.569, 1029.869, 1023.709, 1027.629, 1030.113, 1023.605, 1028.034, 1029.236, 1023.459, 1028.561, 1029.167, 1023.445, 1028.69, 1028.72, 1023.463, 1029.325, 1028.619, 1023.415, 1028.988, 1028.421, 1023.329, 1029.444, 1027.308, 1023.541, 1030.441, 1025.743, 1024.282, 1030.289, 1023.602, 1027.198, 1029.549, 1023.53, 1028.262, 1027.845, 1023.451, 1029.933, 1023.463, 1027.257, 1028.577, 1023.562, 1029.561, 1026.975, 1023.52, 1030.164, 1023.644, 1027.119, 1029.559, 1023.483, 1028.558, 1027.362, 1023.216, 1029.997, 1023.263, 1026.456, 1029.544, 1023.235, 1028.568, 1028.011, 1023.229, 1029.823, 1025.571, 1023.674, 1030.278, 1023.409, 1025.934, 1030.027, 1023.215, 1027.783, 1027.764, 1023.131, 1029.529, 1023.092, 1028.27, 1025.062, 1023.851, 1028.611, 1023.497, 1029.258, 1023.41, 1027.119, 1027.885, 1023.499, 1029.793, 1023.378, 1027.621, 1028.423, 1023.465, 1029.462, 1025.383, 1023.842, 1029.462, 1023.187, 1028.419, 1026.566, 1023.101, 1029.276, 1023.095, 1028.596, 1025.558, 1023.229, 1029.463, 1023.118, 1028.026, 1027.358, 1023.033, 1029.165, 1022.988, 1028.409, 1023.052, 1027.524, 1024.109, 1023.697, 1025.742, 1022.962, 1028.765, 1022.922, 1028.723, 1022.958, 1027.997, 1022.96, 1023.447, 1024.018, 1022.905, 1027.966, 1022.928, 1023.494, 1024.055, 1022.924, 1027.192, 1024.546, 1023.067, 1025.856, 1022.952, 1029.864, 1022.945, 1027.334, 1028.899, 1022.98, 1028.683, 1027.654, 1022.913, 1029.643, 1025.427, 1022.932, 1030.161, 1022.868, 1025.069, 1029.509, 1022.851, 1027.566, 1028.791, 1022.845, 1028.233, 1028.12, 1022.83, 1029.128, 1025.239, 1022.827, 1030.034, 1022.802, 1024.896, 1028.878, 1022.746, 1028.021, 1026.863, 1022.717, 1029.762, 1023.518, 1022.984, 1029.818, 1023.155, 1025.894, 1023.228, 1023.121, 1024.711, 1024.602, 1023.191, 1023.347, 1027.859, 1023.294, 1023.386, 1024.809, 1025.36, 1023.423, 1024.265, 1026.243, 1023.589, 1023.499, 1027.618, 1023.586, 1023.562, 1026.146, 1024.228, 1023.683, 1023.441, 1027.795, 1022.726], "conductivity": [55.807, 53.913, 53.845, 53.712, 53.763, 54.226, 54.389, 54.345, 54.544, 54.664, 55.166, 55.625, 53.202, 51.836, 55.893, 56.081, 55.777, 55.85, 56.127, 39.301, 4.759, 3.733, 5.713, 3.841, 3.908, 5.709, 3.822, 4.023, 5.651, 3.657, 4.12, 5.682, 3.619, 4.213, 5.666, 3.648, 4.238, 5.666, 3.531, 4.495, 5.649, 3.543, 4.84, 5.671, 3.505, 5.59, 4.52, 3.554, 5.631, 4.398, 3.667, 5.58, 4.189, 3.634, 5.546, 3.94, 3.87, 5.575, 3.881, 3.909, 5.566, 3.788, 3.891, 5.579, 3.907, 3.896, 5.558, 3.771, 3.954, 5.595, 3.815, 3.879, 5.562, 3.697, 4.265, 5.605, 3.582, 4.677, 5.617, 3.506, 5.633, 4.796, 3.549, 5.631, 4.353, 3.657, 5.63, 3.905, 3.76, 5.62, 3.748, 3.932, 5.652, 3.595, 4.311, 5.662, 3.503, 4.884, 5.661, 3.481, 5.541, 5.252, 3.475, 5.737, 4.356, 3.516, 5.751, 4.31, 3.496, 5.755, 4.134, 3.613, 5.79, 3.899, 3.642, 5.833, 3.859, 3.843, 5.851, 3.645, 3.891, 5.838, 3.751, 3.997, 5.868, 3.644, 4.594, 5.811, 3.502, 5.225, 5.591, 3.508, 5.784, 4.633, 3.62, 5.804, 4.063, 4.302, 5.843, 3.564, 5.831, 4.602, 3.91, 5.834, 3.641, 4.754, 5.853, 3.542, 5.82, 4.614, 3.572, 5.805, 3.89, 4.546, 5.842, 3.542, 5.814, 4.945, 3.573, 5.84, 3.888, 4.214, 5.856, 3.555, 5.319, 5.771, 3.507, 5.891, 5.187, 3.529, 5.935, 4.383, 4.402, 5.88, 3.589, 5.885, 4.062, 5.456, 5.702, 3.883, 5.858, 3.655, 5.894, 4.688, 4.313, 5.873, 3.579, 5.901, 4.455, 4.04, 5.869, 3.637, 5.377, 5.791, 3.653, 5.963, 4.082, 5.015, 5.992, 3.715, 5.988, 4.019, 5.346, 5.957, 3.681, 5.966, 4.404, 4.738, 5.963, 3.844, 5.976, 4.22, 5.956, 4.675, 5.737, 5.849, 5.353, 5.987, 4.085, 6.009, 4.126, 5.989, 4.49, 5.991, 5.884, 5.792, 6.003, 4.513, 6.013, 5.886, 5.785, 6.014, 4.867, 5.671, 5.988, 5.356, 6.008, 3.696, 5.99, 4.821, 4.094, 5.987, 4.218, 4.718, 6.0, 3.88, 5.491, 5.99, 3.741, 5.988, 5.566, 3.937, 5.981, 4.803, 4.24, 5.998, 4.515, 4.579, 5.987, 4.156, 5.544, 5.987, 3.857, 5.996, 5.622, 4.347, 6.026, 4.777, 5.199, 6.032, 4.043, 5.856, 5.979, 4.006, 5.928, 5.466, 5.912, 5.951, 5.671, 5.537, 5.937, 5.907, 4.758, 5.911, 5.892, 5.65, 5.268, 5.886, 5.731, 5.049, 5.844, 5.869, 4.722, 5.866, 5.87, 5.277, 5.61, 5.855, 5.893, 4.69, 6.022]}, "times": ["2026-08-11T15:34", "2026-08-11T18:09", "2026-08-11T20:09", "2026-08-11T21:58", "2026-08-11T23:47", "2026-08-12T01:38", "2026-08-12T03:34", "2026-08-12T05:32", "2026-08-12T07:31", "2026-08-12T09:32", "2026-08-12T13:33", "2026-08-12T17:47", "2026-08-13T00:33", "2026-08-13T06:16", "2026-08-13T10:57", "2026-08-13T15:27", "2026-08-13T17:39", "2026-08-13T18:36", "2026-08-14T01:24", "2026-08-14T03:46", "2026-08-19T17:48", "2026-08-19T19:58", "2026-08-19T19:58", "2026-08-19T22:47", "2026-08-20T01:14", "2026-08-20T01:14", "2026-08-20T04:02", "2026-08-20T06:24", "2026-08-20T08:59", "2026-08-20T08:59", "2026-08-20T11:28", "2026-08-20T14:11", "2026-08-20T14:11", "2026-08-20T16:37", "2026-08-20T19:29", "2026-08-20T19:29", "2026-08-20T21:56", "2026-08-21T00:27", "2026-08-21T00:27", "2026-08-21T02:52", "2026-08-21T05:41", "2026-08-21T05:41", "2026-08-21T08:05", "2026-08-21T10:46", "2026-08-21T10:46", "2026-08-21T13:03", "2026-08-21T15:35", "2026-08-21T18:03", "2026-08-21T18:03", "2026-08-21T20:44", "2026-08-21T23:07", "2026-08-21T23:07", "2026-08-22T07:04", "2026-08-22T09:29", "2026-08-22T09:29", "2026-08-22T11:58", "2026-08-22T14:21", "2026-08-22T14:21", "2026-08-22T17:10", "2026-08-22T19:34", "2026-08-22T22:20", "2026-08-22T22:20", "2026-08-23T00:52", "2026-08-23T00:52", "2026-08-23T03:42", "2026-08-23T06:08", "2026-08-23T08:44", "2026-08-23T08:44", "2026-08-23T11:13", "2026-08-23T14:07", "2026-08-23T14:07", "2026-08-23T16:36", "2026-08-23T19:09", "2026-08-23T19:09", "2026-08-23T21:27", "2026-08-24T00:11", "2026-08-24T00:11", "2026-08-24T02:33", "2026-08-24T05:17", "2026-08-24T07:38", "2026-08-24T07:38", "2026-08-24T10:15", "2026-08-24T12:39", "2026-08-24T12:39", "2026-08-24T15:17", "2026-08-24T17:36", "2026-08-24T17:36", "2026-08-24T20:12", "2026-08-24T22:36", "2026-08-24T22:36", "2026-08-25T01:16", "2026-08-25T03:40", "2026-08-25T06:18", "2026-08-25T06:18", "2026-08-25T08:39", "2026-08-25T11:16", "2026-08-25T11:16", "2026-08-25T13:37", "2026-08-25T16:16", "2026-08-25T18:39", "2026-08-25T18:39", "2026-08-25T21:26", "2026-08-25T23:47", "2026-08-25T23:47", "2026-08-26T02:20", "2026-08-26T04:48", "2026-08-26T04:48", "2026-08-26T07:47", "2026-08-26T10:14", "2026-08-26T10:14", "2026-08-26T17:55", "2026-08-26T20:17", "2026-08-26T20:17", "2026-08-26T23:08", "2026-08-27T01:34", "2026-08-27T01:34", "2026-08-27T04:19", "2026-08-27T06:43", "2026-08-27T09:19", "2026-08-27T09:19", "2026-08-27T11:50", "2026-08-27T14:38", "2026-08-27T14:38", "2026-08-27T17:02", "2026-08-27T19:44", "2026-08-27T19:44", "2026-08-27T22:03", "2026-08-28T00:33", "2026-08-28T00:33", "2026-08-28T02:55", "2026-08-28T05:32", "2026-08-28T07:52", "2026-08-28T07:52", "2026-08-28T10:27", "2026-08-28T12:48", "2026-08-28T12:48", "2026-08-28T15:19", "2026-08-28T17:28", "2026-08-28T19:51", "2026-08-28T21:58", "2026-08-28T21:58", "2026-08-29T00:29", "2026-08-29T02:35", "2026-08-29T04:55", "2026-08-29T04:55", "2026-08-29T07:12", "2026-08-29T09:50", "2026-08-29T09:50", "2026-08-29T12:04", "2026-08-31T01:04", "2026-08-31T03:23", "2026-08-31T03:23", "2026-08-31T05:52", "2026-08-31T07:59", "2026-08-31T10:36", "2026-08-31T10:36", "2026-08-31T12:51", "2026-08-31T15:18", "2026-08-31T17:35", "2026-08-31T17:35", "2026-08-31T20:03", "2026-08-31T22:14", "2026-09-01T00:52", "2026-09-01T00:52", "2026-09-01T03:08", "2026-09-01T05:36", "2026-09-01T07:59", "2026-09-01T07:59", "2026-09-01T10:44", "2026-09-01T13:04", "2026-09-01T13:04", "2026-09-01T15:29", "2026-09-01T17:35", "2026-09-01T19:51", "2026-09-01T21:49", "2026-09-01T21:49", "2026-09-02T00:10", "2026-09-02T02:08", "2026-09-02T04:16", "2026-09-02T06:16", "2026-09-02T08:35", "2026-09-02T08:35", "2026-09-02T10:34", "2026-09-02T12:49", "2026-09-02T14:50", "2026-09-02T17:05", "2026-09-02T17:05", "2026-09-02T19:09", "2026-09-02T21:33", "2026-09-02T23:43", "2026-09-03T02:08", "2026-09-03T02:08", "2026-09-03T04:20", "2026-09-03T11:33", "2026-09-03T13:41", "2026-09-03T13:41", "2026-09-03T16:01", "2026-09-03T18:06", "2026-09-03T20:31", "2026-09-03T22:33", "2026-09-03T22:33", "2026-09-04T00:57", "2026-09-04T03:00", "2026-09-04T05:22", "2026-09-04T07:29", "2026-09-04T07:29", "2026-09-04T19:32", "2026-09-04T21:42", "2026-09-04T23:52", "2026-09-05T01:50", "2026-09-05T01:50", "2026-09-05T04:03", "2026-09-05T05:49", "2026-09-05T07:54", "2026-09-05T09:47", "2026-09-05T11:49", "2026-09-05T13:34", "2026-09-05T20:01", "2026-09-05T22:00", "2026-09-05T22:00", "2026-09-06T00:06", "2026-09-06T01:49", "2026-09-06T05:08", "2026-09-06T10:07", "2026-09-06T11:26", "2026-09-06T13:00", "2026-09-06T14:23", "2026-09-06T16:03", "2026-09-06T22:12", "2026-09-06T23:28", "2026-09-07T01:05", "2026-09-07T02:34", "2026-09-07T05:13", "2026-09-07T07:06", "2026-09-07T09:10", "2026-09-07T10:54", "2026-09-07T13:14", "2026-09-07T15:25", "2026-09-07T15:25", "2026-09-07T17:55", "2026-09-07T20:13", "2026-09-07T20:13", "2026-09-07T22:45", "2026-09-08T01:02", "2026-09-08T03:38", "2026-09-08T03:38", "2026-09-08T05:57", "2026-09-08T08:38", "2026-09-08T08:38", "2026-09-08T10:57", "2026-09-08T18:39", "2026-09-08T20:58", "2026-09-08T20:58", "2026-09-08T23:45", "2026-09-09T02:07", "2026-09-09T02:07", "2026-09-09T04:47", "2026-09-09T11:40", "2026-09-09T18:46", "2026-09-09T18:46", "2026-09-10T01:28", "2026-09-10T08:31", "2026-09-10T08:31", "2026-09-10T15:22", "2026-09-10T22:26", "2026-09-11T05:11", "2026-09-11T05:11", "2026-09-13T06:00", "2026-09-13T12:43", "2026-09-13T19:52", "2026-09-13T19:52", "2026-09-14T02:42", "2026-09-14T10:04", "2026-09-14T16:58", "2026-09-14T16:58", "2026-09-16T01:39", "2026-09-17T19:09", "2026-09-17T19:09", "2026-09-18T09:18", "2026-09-18T23:36", "2026-09-18T23:36", "2026-09-19T13:26", "2026-09-20T02:57", "2026-09-20T17:00", "2026-09-20T17:00", "2026-09-21T06:59", "2026-09-21T21:13", "2026-09-21T21:13", "2026-09-22T11:58", "2026-09-23T02:21", "2026-09-23T16:08", "2026-09-23T16:08", "2026-09-24T21:03", "2026-09-25T11:26", "2026-09-25T11:26", "2026-09-26T01:58", "2026-09-27T05:54", "2026-09-27T05:54", "2026-09-28T11:20", "2026-09-29T16:49", "2026-09-29T16:49"]}}, {"type": "Feature", "geometry": {"type": "Point", "coordinates": [-87.5874, 26.1166]}, "properties": {"kind": "now", "id": "ng1256", "operator": "US Navy (NAVOCEANO)", "color": "#5ee68a", "dataset": "ng1256-20260713T0000", "time": "2026-09-29T16:49:46Z", "n": 223182, "maxDepth": 969.8, "surface": {"temperature": 29.135, "salinity": 36.222, "density": 1023.169, "conductivity": 5.923}, "profile": {"depth": [5, 10, 15, 20, 25, 30, 35, 40, 45, 50, 55, 60, 65, 70, 75, 80, 85, 90, 95, 100, 105, 110, 115, 120, 125, 130, 135, 140, 145, 150, 155, 160, 165, 170, 175, 180, 185, 190, 195, 200, 205, 210, 215, 220, 225, 230, 235, 240, 245, 250, 255, 260, 265, 270, 275, 280, 285, 290, 295, 300, 305, 310, 315, 320, 325, 330, 335, 340, 345, 350, 355, 360, 365, 370, 375, 380, 385, 390, 395, 400, 405, 410, 415, 420, 425, 430, 435, 440, 445, 450, 455, 460, 465, 470, 475, 480, 485, 490, 495, 500, 505, 510, 515, 520, 525], "temperature": [30.258, 30.25, 30.24, 30.226, 30.204, 30.177, 30.148, 29.957, 29.425, 29.183, 29.007, 28.845, 28.615, 28.45, 28.316, 28.039, 27.818, 27.756, 27.649, 27.463, 27.265, 26.986, 26.828, 26.673, 26.35, 25.979, 25.604, 25.206, 24.774, 24.489, 24.294, 24.085, 23.95, 23.762, 23.545, 23.376, 22.986, 22.156, 21.849, 21.553, 21.329, 21.141, 20.931, 20.632, 20.434, 20.208, 20.022, 19.794, 19.459, 19.196, 18.88, 18.691, 18.471, 18.227, 17.985, 17.771, 17.636, 17.513, 17.317, 17.081, 16.958, 16.837, 16.68, 16.506, 16.324, 16.175, 16.031, 15.867, 15.672, 15.495, 15.333, 15.247, 15.121, 14.978, 14.771, 14.605, 14.407, 14.194, 13.985, 13.821, 13.663, 13.505, 13.401, 13.274, 13.175, 13.055, 12.882, 12.684, 12.502, 12.415, 12.311, 12.165, 12.053, 11.959, 11.813, 11.686, 11.562, 11.398, 11.257, 11.151, 11.062, 10.928, 10.792, 10.676, 10.603], "salinity": [36.203, 36.204, 36.204, 36.206, 36.206, 36.207, 36.21, 36.229, 36.176, 36.15, 36.178, 36.231, 36.226, 36.213, 36.215, 36.224, 36.222, 36.276, 36.362, 36.383, 36.422, 36.381, 36.426, 36.487, 36.574, 36.664, 36.73, 36.803, 36.874, 36.866, 36.869, 36.878, 36.894, 36.92, 36.928, 36.911, 36.969, 36.936, 36.906, 36.888, 36.86, 36.842, 36.827, 36.796, 36.773, 36.749, 36.74, 36.72, 36.68, 36.643, 36.6, 36.568, 36.542, 36.498, 36.463, 36.412, 36.397, 36.373, 36.351, 36.309, 36.282, 36.265, 36.249, 36.214, 36.181, 36.155, 36.128, 36.113, 36.082, 36.051, 36.013, 35.998, 35.981, 35.96, 35.93, 35.898, 35.885, 35.843, 35.799, 35.77, 35.745, 35.715, 35.699, 35.682, 35.669, 35.658, 35.639, 35.607, 35.568, 35.553, 35.545, 35.524, 35.505, 35.492, 35.474, 35.45, 35.433, 35.416, 35.384, 35.365, 35.354, 35.339, 35.317, 35.298, 35.284], "density": [1022.579, 1022.599, 1022.624, 1022.653, 1022.683, 1022.714, 1022.746, 1022.849, 1023.013, 1023.094, 1023.196, 1023.313, 1023.408, 1023.475, 1023.542, 1023.661, 1023.753, 1023.836, 1023.957, 1024.057, 1024.171, 1024.251, 1024.357, 1024.474, 1024.664, 1024.872, 1025.061, 1025.262, 1025.469, 1025.572, 1025.656, 1025.747, 1025.82, 1025.919, 1026.01, 1026.069, 1026.251, 1026.489, 1026.573, 1026.666, 1026.731, 1026.791, 1026.858, 1026.941, 1026.998, 1027.063, 1027.128, 1027.194, 1027.276, 1027.34, 1027.412, 1027.459, 1027.518, 1027.567, 1027.622, 1027.66, 1027.705, 1027.739, 1027.793, 1027.841, 1027.871, 1027.911, 1027.959, 1027.996, 1028.037, 1028.074, 1028.11, 1028.159, 1028.202, 1028.242, 1028.273, 1028.304, 1028.341, 1028.38, 1028.425, 1028.46, 1028.517, 1028.554, 1028.589, 1028.624, 1028.661, 1028.694, 1028.726, 1028.762, 1028.796, 1028.836, 1028.879, 1028.917, 1028.948, 1028.977, 1029.014, 1029.05, 1029.081, 1029.112, 1029.148, 1029.178, 1029.211, 1029.252, 1029.279, 1029.308, 1029.339, 1029.375, 1029.406, 1029.437, 1029.455], "conductivity": [6.041, 6.04, 6.04, 6.039, 6.036, 6.034, 6.031, 6.013, 5.947, 5.917, 5.902, 5.892, 5.867, 5.847, 5.833, 5.804, 5.78, 5.781, 5.782, 5.764, 5.748, 5.713, 5.702, 5.694, 5.67, 5.642, 5.611, 5.577, 5.54, 5.508, 5.487, 5.466, 5.454, 5.437, 5.415, 5.394, 5.36, 5.266, 5.229, 5.196, 5.169, 5.146, 5.122, 5.087, 5.063, 5.037, 5.016, 4.99, 4.95, 4.918, 4.88, 4.856, 4.831, 4.8, 4.771, 4.743, 4.728, 4.712, 4.69, 4.661, 4.645, 4.631, 4.614, 4.592, 4.57, 4.552, 4.535, 4.517, 4.494, 4.472, 4.452, 4.442, 4.428, 4.411, 4.387, 4.367, 4.346, 4.321, 4.295, 4.276, 4.258, 4.239, 4.228, 4.214, 4.203, 4.19, 4.171, 4.149, 4.127, 4.117, 4.106, 4.09, 4.078, 4.067, 4.052, 4.037, 4.023, 4.006, 3.99, 3.978, 3.968, 3.954, 3.939, 3.926, 3.918]}}}, {"type": "Feature", "geometry": {"type": "LineString", "coordinates": [[-91.0029, 27.5221], [-91.0847, 27.498], [-91.1442, 27.488], [-91.204, 27.4917], [-91.2711, 27.5045], [-91.3434, 27.5102], [-91.3895, 27.4987], [-91.4258, 27.4874], [-91.4821, 27.4774], [-91.5365, 27.4692], [-91.5708, 27.4605], [-91.6505, 27.4331], [-91.6926, 27.4218], [-91.7283, 27.4114], [-91.7766, 27.4059], [-91.8194, 27.3955], [-91.8983, 27.3738], [-91.9754, 27.3453], [-91.9283, 27.3663], [-91.8924, 27.3761], [-91.8895, 27.4027], [-91.8562, 27.42], [-91.9202, 27.4412], [-91.957, 27.4484], [-91.9969, 27.4575], [-92.0356, 27.4678], [-92.0735, 27.4813], [-92.1185, 27.4844], [-92.1636, 27.4854], [-92.1928, 27.4822], [-92.2274, 27.479], [-92.2667, 27.4759], [-92.3035, 27.475], [-92.3309, 27.4697], [-92.356, 27.46], [-92.3821, 27.4447], [-92.4058, 27.4238], [-92.4305, 27.4027], [-92.4557, 27.3815], [-92.4776, 27.3609], [-92.5081, 27.3305], [-92.5293, 27.312], [-92.5417, 27.2973], [-92.5663, 27.2737], [-92.5841, 27.2537], [-92.603, 27.2501], [-92.6163, 27.2422], [-92.6242, 27.2344], [-92.6335, 27.2301], [-92.6423, 27.2276], [-92.6494, 27.2251], [-92.6625, 27.2253], [-92.6745, 27.2252], [-92.6879, 27.2281], [-92.697, 27.2309], [-92.7056, 27.2358], [-92.7117, 27.2407], [-92.7154, 27.2444], [-92.7206, 27.2486], [-92.726, 27.2527], [-92.7333, 27.2592], [-92.7386, 27.2666], [-92.7379, 27.2742], [-92.7377, 27.2801], [-92.7453, 27.2857], [-92.7461, 27.2935], [-92.7493, 27.2972], [-92.7571, 27.3029], [-92.7636, 27.3101], [-92.7733, 27.3212], [-92.7787, 27.3248], [-92.7857, 27.3262], [-92.7994, 27.326], [-92.8172, 27.325], [-92.8323, 27.3225], [-92.8515, 27.3193], [-92.8738, 27.3067], [-92.8868, 27.2986], [-92.8984, 27.2885], [-92.9076, 27.28], [-92.9158, 27.2701], [-92.9143, 27.2562], [-92.9153, 27.2491], [-92.9193, 27.2447], [-92.9215, 27.2374], [-92.9241, 27.2305], [-92.9264, 27.224], [-92.9301, 27.2207], [-92.9333, 27.2195], [-92.9357, 27.2178], [-92.9361, 27.2159], [-92.9403, 27.2133], [-92.9427, 27.2077], [-92.9488, 27.2013], [-92.9518, 27.1963], [-92.9583, 27.2028], [-92.9626, 27.2075], [-92.9631, 27.2026], [-92.9653, 27.2038], [-92.9678, 27.2019], [-92.9692, 27.199], [-92.9351, 27.1577], [-92.8929, 27.0954], [-92.8703, 27.0567], [-92.8432, 27.0144], [-92.819, 26.9804], [-92.7903, 26.9441], [-92.5381, 26.7433], [-92.3535, 26.6024], [-92.3296, 26.6146], [-92.3067, 26.6332], [-92.2838, 26.653], [-92.2625, 26.6725], [-92.2414, 26.6936], [-92.2278, 26.7139], [-92.2157, 26.7378], [-92.2067, 26.7601], [-92.1952, 26.7868], [-92.1849, 26.813], [-92.1743, 26.8377], [-92.1659, 26.8616], [-92.1627, 26.8839], [-92.1639, 26.9049], [-92.1719, 26.9283], [-92.173, 26.9511], [-92.1719, 26.9747], [-92.1661, 26.9981], [-92.1611, 27.0165], [-92.1604, 27.0353], [-92.1643, 27.0525], [-92.1717, 27.0705], [-92.178, 27.0904], [-92.1816, 27.1104], [-92.1804, 27.1265], [-92.1816, 27.1404], [-92.1845, 27.1539], [-92.1904, 27.1648], [-92.1973, 27.1764], [-92.2149, 27.2052], [-92.2194, 27.219], [-92.2244, 27.2285], [-92.2282, 27.2365], [-92.2348, 27.2422], [-92.2317, 27.2496], [-92.2468, 27.2561], [-92.2476, 27.2623], [-92.2545, 27.2667], [-92.2566, 27.2705], [-92.2598, 27.2727], [-92.2658, 27.273], [-92.2707, 27.2742], [-92.2767, 27.2769], [-92.2851, 27.2805], [-92.2829, 27.285], [-92.2932, 27.2867], [-92.3064, 27.2876], [-92.3132, 27.29], [-92.3135, 27.2873], [-92.305, 27.2855], [-92.3155, 27.286], [-92.3195, 27.2902], [-92.3201, 27.2937], [-92.361, 27.2924], [-92.4161, 27.2871], [-92.4592, 27.2834], [-92.5086, 27.2789], [-92.6133, 27.278], [-92.6586, 27.279], [-92.6993, 27.2791], [-92.7445, 27.2781], [-92.7875, 27.2769], [-92.8291, 27.2779], [-92.8726, 27.2798], [-92.9147, 27.2842], [-92.9563, 27.2928], [-92.9788, 27.3045], [-92.9987, 27.315], [-93.0003, 27.3048], [-92.9998, 27.2764], [-93.0003, 27.2492], [-92.9983, 27.2261], [-92.9956, 27.205], [-93.0015, 27.1827], [-92.9978, 27.1645], [-92.9898, 27.1457], [-92.9923, 27.111], [-92.9865, 27.0647], [-92.9901, 27.0403], [-92.9909, 27.0202], [-92.9818, 27.0036], [-92.9803, 26.9799], [-92.9712, 26.9592], [-92.9651, 26.937], [-92.9651, 26.9133], [-92.9605, 26.8945], [-92.9539, 26.8755], [-92.95, 26.8576], [-92.9429, 26.8427], [-92.9327, 26.821], [-92.9229, 26.8027], [-92.9137, 26.7794], [-92.9062, 26.7623], [-92.8978, 26.7424], [-92.8925, 26.7258], [-92.8807, 26.7137], [-92.8697, 26.6985], [-92.8558, 26.6822], [-92.803, 26.6209], [-92.772, 26.584], [-92.7501, 26.564], [-92.7183, 26.5476], [-92.6883, 26.54], [-92.671, 26.5347], [-92.6568, 26.5323], [-92.6435, 26.5299], [-92.6288, 26.528], [-92.6065, 26.5252], [-92.5742, 26.5202], [-92.5593, 26.5149], [-92.5431, 26.51], [-92.5342, 26.5068], [-92.5203, 26.5043], [-92.5039, 26.5031], [-92.4918, 26.5006], [-92.475, 26.4991], [-92.4604, 26.4944], [-92.4458, 26.4925], [-92.4363, 26.4881], [-92.4235, 26.4884], [-92.4112, 26.4896], [-92.3973, 26.4924], [-92.3812, 26.4953], [-92.3665, 26.5013], [-92.3609, 26.5172], [-92.3556, 26.5316], [-92.3494, 26.5489], [-92.3441, 26.565], [-92.3112, 26.6413], [-92.2987, 26.6699], [-92.2898, 26.6949], [-92.2828, 26.7214], [-92.2765, 26.7454], [-92.2735, 26.7753], [-92.2707, 26.8043], [-92.2701, 26.832], [-92.2708, 26.8589], [-92.267, 26.8801], [-92.2756, 26.9028], [-92.2807, 26.9255], [-92.2841, 26.9482], [-92.2852, 26.9665], [-92.2866, 26.9842], [-92.2894, 27.0008], [-92.2923, 27.0164], [-92.2905, 27.0316], [-92.2989, 27.0476], [-92.3012, 27.065], [-92.3012, 27.081], [-92.3004, 27.0931], [-92.2966, 27.105], [-92.3, 27.116], [-92.2903, 27.1283], [-92.3027, 27.1501], [-92.3003, 27.1604], [-92.2946, 27.1709], [-92.2948, 27.1786], [-92.2952, 27.1845], [-92.2945, 27.1896], [-92.2969, 27.1953], [-92.2987, 27.2119], [-92.2941, 27.2276], [-92.2809, 27.2341], [-92.2813, 27.2369], [-92.2787, 27.2391], [-92.2765, 27.2417], [-92.2654, 27.248], [-92.2665, 27.2544], [-92.2567, 27.261], [-92.2455, 27.2664], [-92.2398, 27.2712], [-92.2296, 27.276], [-92.2222, 27.2796], [-92.2198, 27.2821], [-92.218, 27.2877], [-92.2077, 27.2948], [-92.1911, 27.303], [-92.1852, 27.3072], [-92.1755, 27.3106], [-92.1724, 27.3114], [-92.1687, 27.3123], [-92.1545, 27.3141], [-92.1531, 27.3128], [-92.1515, 27.3135], [-92.1489, 27.3133], [-92.1434, 27.3109], [-92.1399, 27.3106], [-92.1415, 27.3068], [-92.1376, 27.3056], [-92.1341, 27.3036], [-92.1343, 27.3017], [-92.1252, 27.3041]]}, "properties": {"kind": "track", "id": "ng1241", "operator": "US Navy (NAVOCEANO)", "color": "#ff6b9d", "dataset": "ng1241-20260713T0000", "vals": {"temperature": [25.285, 23.744, 25.883, 26.009, 26.642, 23.826, 27.447, 27.412, 23.856, 27.666, 27.21, 25.206, 23.973, 25.146, 25.462, 22.948, 25.716, 26.053, 18.048, 23.023, 26.819, 24.662, 24.035, 24.148, 24.874, 24.182, 23.954, 23.819, 24.301, 23.838, 27.72, 24.071, 24.03, 23.913, 24.838, 24.495, 25.503, 25.426, 25.75, 25.872, 25.556, 26.031, 26.435, 25.884, 26.52, 25.887, 26.047, 26.405, 26.084, 25.904, 26.34, 25.983, 26.119, 25.986, 26.059, 25.809, 26.321, 26.247, 28.882, 22.215, 26.778, 25.616, 29.103, 25.879, 19.909, 29.026, 25.809, 26.121, 22.574, 24.704, 25.202, 25.611, 24.836, 26.765, 26.865, 26.6, 29.36, 26.061, 27.954, 26.636, 26.567, 26.638, 26.306, 26.8, 26.669, 26.467, 27.307, 29.592, 22.657, 29.874, 16.153, 27.369, 23.522, 26.6, 26.49, 25.97, 26.209, 26.458, 26.229, 26.053, 26.328, 26.325, 26.324, 27.21, 24.413, 26.645, 26.959, 26.705, 25.462, 25.865, 25.699, 25.804, 25.981, 23.661, 28.785, 17.631, 24.55, 24.616, 23.823, 24.272, 23.918, 23.863, 23.823, 24.344, 23.89, 17.152, 22.56, 23.828, 23.461, 23.801, 24.238, 24.414, 24.561, 10.971, 24.471, 24.477, 24.499, 24.729, 24.593, 25.004, 25.012, 24.772, 25.202, 24.897, 24.79, 24.693, 24.614, 24.833, 24.892, 25.182, 25.012, 24.6, 24.661, 24.734, 24.505, 24.245, 23.923, 23.942, 16.963, 23.079, 24.002, 23.839, 23.918, 23.886, 23.766, 23.99, 15.287, 24.43, 24.489, 24.242, 24.547, 24.435, 24.52, 24.519, 24.953, 14.257, 25.084, 25.368, 25.443, 25.301, 25.096, 23.8, 16.166, 24.474, 24.152, 24.698, 16.673, 24.475, 22.874, 23.927, 23.863, 24.023, 24.086, 12.711, 23.656, 23.657, 24.106, 23.292, 23.667, 18.105, 21.261, 23.686, 23.769, 23.513, 13.013, 23.816, 23.183, 23.789, 24.277, 24.297, 23.984, 23.772, 9.331, 23.719, 23.753, 24.119, 23.423, 23.875, 23.688, 9.832, 23.888, 23.434, 23.361, 23.391, 23.537, 23.753, 19.468, 25.876, 12.864, 23.186, 23.797, 23.76, 23.448, 24.227, 20.269, 19.587, 23.741, 24.103, 24.213, 24.166, 24.033, 12.491, 24.256, 24.279, 24.288, 23.784, 17.136, 24.22, 24.336, 21.183, 23.702, 23.601, 23.733, 23.423, 19.589, 20.138, 23.275, 22.99, 23.52, 23.091, 23.324, 22.62, 15.386, 23.529, 22.965, 14.252, 23.192, 23.33, 23.498, 23.619, 23.668, 16.863, 23.377, 22.991, 23.665, 23.183, 23.554, 23.203, 11.546, 23.49, 23.326, 23.587, 23.364, 23.582, 23.533, 10.514, 23.686, 23.631, 10.48, 23.503, 23.32, 23.585, 23.532, 18.417, 26.724, 21.318, 25.075, 23.59, 23.014, 16.598, 28.063], "salinity": [35.872, 36.052, 35.58, 35.624, 35.587, 36.081, 35.587, 35.662, 36.108, 35.606, 35.551, 36.053, 36.089, 36.181, 36.016, 36.293, 36.368, 36.44, 36.198, 36.48, 36.14, 36.064, 36.136, 36.303, 36.325, 36.378, 36.408, 36.342, 36.306, 36.302, 36.235, 36.301, 36.299, 36.328, 36.281, 36.368, 36.37, 36.447, 36.503, 36.607, 36.607, 36.642, 36.656, 36.649, 36.653, 36.655, 36.671, 36.679, 36.669, 36.685, 36.686, 36.673, 36.666, 36.683, 36.658, 36.664, 36.68, 36.677, 36.677, 36.615, 36.657, 36.661, 36.681, 36.681, 36.38, 36.673, 36.654, 36.647, 36.535, 36.627, 36.629, 36.623, 36.511, 36.621, 36.626, 36.624, 36.641, 36.625, 36.652, 36.635, 36.637, 36.637, 36.626, 36.649, 36.64, 36.632, 36.642, 36.647, 36.547, 36.615, 36.091, 36.643, 36.43, 36.612, 36.617, 36.615, 36.635, 36.651, 36.636, 36.638, 36.644, 36.62, 36.63, 36.644, 36.486, 36.627, 36.635, 36.642, 36.646, 36.651, 36.639, 36.628, 36.642, 36.507, 36.651, 36.138, 36.562, 36.566, 36.538, 36.557, 36.545, 36.532, 36.506, 36.518, 36.472, 36.241, 36.352, 36.461, 36.404, 36.406, 36.411, 36.394, 36.389, 35.332, 36.421, 36.446, 36.43, 36.449, 36.487, 36.451, 36.443, 36.482, 36.501, 36.532, 36.483, 36.483, 36.434, 36.41, 36.402, 36.403, 36.44, 36.46, 36.45, 36.441, 36.436, 36.486, 36.508, 36.455, 36.205, 36.462, 36.556, 36.576, 36.548, 36.533, 36.507, 36.476, 35.997, 36.442, 36.426, 36.461, 36.452, 36.428, 36.419, 36.452, 36.495, 35.827, 36.56, 36.58, 36.568, 36.584, 36.549, 36.373, 36.09, 36.427, 36.353, 36.503, 36.176, 36.449, 36.458, 36.588, 36.599, 36.592, 36.527, 35.604, 36.568, 36.596, 36.601, 36.578, 36.586, 36.259, 36.371, 36.593, 36.581, 36.561, 35.657, 36.577, 36.539, 36.553, 36.537, 36.562, 36.532, 36.515, 35.133, 36.51, 36.519, 36.501, 36.458, 36.491, 36.469, 35.198, 36.461, 36.433, 36.477, 36.451, 36.474, 36.5, 36.217, 36.467, 35.631, 36.475, 36.489, 36.484, 36.464, 36.487, 36.275, 36.271, 36.494, 36.475, 36.468, 36.495, 36.497, 35.558, 36.515, 36.523, 36.522, 36.499, 36.174, 36.519, 36.51, 36.29, 36.515, 36.523, 36.517, 36.471, 36.294, 36.376, 36.525, 36.479, 36.553, 36.55, 36.557, 36.442, 35.983, 36.509, 36.516, 35.825, 36.516, 36.528, 36.525, 36.531, 36.534, 36.156, 36.536, 36.519, 36.495, 36.503, 36.543, 36.531, 35.417, 36.549, 36.553, 36.557, 36.545, 36.544, 36.546, 35.268, 36.581, 36.575, 35.267, 36.571, 36.585, 36.593, 36.595, 36.346, 36.514, 36.466, 36.583, 36.592, 36.515, 36.18, 36.559], "density": [1024.069, 1024.72, 1023.64, 1023.639, 1023.402, 1024.739, 1023.134, 1023.205, 1024.765, 1023.092, 1023.201, 1024.279, 1024.719, 1024.404, 1024.161, 1025.21, 1024.337, 1024.285, 1026.762, 1025.316, 1023.789, 1024.473, 1024.715, 1024.803, 1024.578, 1024.84, 1024.927, 1024.93, 1024.735, 1024.877, 1023.558, 1024.798, 1024.801, 1024.876, 1024.554, 1024.743, 1024.421, 1024.514, 1024.458, 1024.504, 1024.621, 1024.507, 1024.382, 1024.564, 1024.344, 1024.567, 1024.521, 1024.406, 1024.514, 1024.586, 1024.436, 1024.548, 1024.496, 1024.557, 1024.507, 1024.597, 1024.435, 1024.459, 1023.507, 1025.823, 1024.252, 1024.659, 1023.417, 1024.578, 1026.381, 1023.454, 1024.583, 1024.463, 1025.582, 1024.945, 1024.767, 1024.599, 1024.747, 1024.237, 1024.2, 1024.292, 1023.317, 1024.479, 1023.846, 1024.297, 1024.325, 1024.3, 1024.403, 1024.253, 1024.297, 1024.351, 1024.073, 1023.242, 1025.579, 1023.122, 1027.304, 1024.065, 1025.121, 1024.294, 1024.327, 1024.499, 1024.441, 1024.369, 1024.426, 1024.489, 1024.391, 1024.378, 1024.392, 1024.103, 1024.876, 1024.287, 1024.193, 1024.272, 1024.688, 1024.55, 1024.587, 1024.534, 1024.484, 1025.118, 1023.505, 1026.825, 1024.848, 1024.827, 1025.066, 1024.929, 1025.036, 1025.039, 1025.038, 1024.879, 1024.979, 1027.013, 1025.315, 1024.996, 1025.067, 1024.955, 1024.824, 1024.765, 1024.708, 1028.516, 1024.774, 1024.793, 1024.778, 1024.718, 1024.8, 1024.648, 1024.633, 1024.747, 1024.617, 1024.748, 1024.741, 1024.77, 1024.763, 1024.671, 1024.637, 1024.548, 1024.637, 1024.787, 1024.75, 1024.714, 1024.791, 1024.908, 1025.014, 1024.964, 1027.148, 1025.263, 1025.01, 1025.078, 1025.025, 1025.032, 1025.058, 1024.964, 1027.55, 1024.806, 1024.775, 1024.882, 1024.765, 1024.784, 1024.765, 1024.795, 1024.679, 1027.827, 1024.69, 1024.604, 1024.575, 1024.635, 1024.678, 1024.964, 1027.363, 1024.787, 1024.833, 1024.768, 1027.236, 1024.795, 1025.334, 1025.073, 1025.103, 1025.042, 1024.96, 1028.201, 1025.136, 1025.159, 1025.0, 1025.255, 1025.131, 1026.759, 1025.775, 1025.13, 1025.095, 1025.16, 1028.013, 1025.075, 1025.246, 1025.067, 1024.897, 1024.92, 1024.999, 1025.04, 1029.033, 1025.048, 1025.044, 1024.918, 1025.105, 1025.0, 1025.029, 1028.836, 1024.949, 1025.072, 1025.13, 1025.103, 1025.084, 1025.037, 1026.205, 1024.305, 1027.939, 1025.179, 1025.002, 1025.016, 1025.1, 1024.876, 1025.987, 1026.199, 1025.035, 1024.913, 1024.878, 1024.919, 1024.966, 1027.989, 1024.901, 1024.903, 1024.897, 1025.034, 1026.966, 1024.909, 1024.861, 1025.703, 1025.064, 1025.103, 1025.052, 1025.108, 1026.246, 1026.114, 1025.195, 1025.257, 1025.137, 1025.277, 1025.208, 1025.342, 1027.411, 1025.101, 1025.301, 1027.725, 1025.225, 1025.191, 1025.123, 1025.089, 1025.088, 1027.08, 1025.179, 1025.29, 1025.055, 1025.212, 1025.121, 1025.229, 1028.466, 1025.151, 1025.211, 1025.137, 1025.192, 1025.121, 1025.133, 1028.8, 1025.113, 1025.131, 1028.823, 1025.169, 1025.237, 1025.157, 1025.181, 1026.765, 1024.046, 1025.855, 1024.66, 1025.162, 1025.316, 1027.247, 1023.64], "conductivity": [54.477, 53.117, 54.708, 54.912, 55.544, 53.251, 56.414, 56.492, 53.336, 56.689, 56.11, 54.683, 53.434, 54.815, 26.45, 5.266, 5.571, 5.618, 4.75, 5.303, 5.656, 5.412, 5.358, 5.396, 5.476, 5.41, 5.391, 5.367, 5.414, 5.365, 5.769, 5.39, 5.386, 5.378, 5.469, 5.443, 5.55, 5.553, 5.597, 5.624, 5.59, 5.645, 5.691, 5.63, 5.7, 5.631, 5.651, 5.691, 5.654, 5.637, 5.685, 5.645, 5.658, 5.646, 5.65, 5.624, 5.682, 5.674, 5.961, 5.233, 5.728, 5.604, 5.985, 5.635, 4.966, 5.976, 5.624, 5.658, 5.264, 5.502, 5.556, 5.602, 5.508, 5.723, 5.735, 5.705, 6.008, 5.647, 5.855, 5.71, 5.704, 5.711, 5.674, 5.73, 5.715, 5.692, 5.784, 6.035, 5.273, 6.061, 4.539, 5.79, 5.361, 5.704, 5.693, 5.636, 5.664, 5.694, 5.667, 5.648, 5.679, 5.675, 5.676, 5.773, 5.46, 5.711, 5.746, 5.719, 5.585, 5.629, 5.61, 5.62, 5.64, 5.38, 5.946, 4.704, 5.478, 5.486, 5.397, 5.447, 5.407, 5.399, 5.39, 5.447, 5.396, 4.656, 5.244, 5.385, 5.339, 5.374, 5.42, 5.437, 5.451, 3.95, 5.446, 5.45, 5.45, 5.477, 5.468, 5.505, 5.504, 5.484, 5.534, 5.506, 5.487, 5.477, 5.461, 5.48, 5.485, 5.517, 5.504, 5.462, 5.468, 5.474, 5.449, 5.428, 5.397, 5.392, 4.636, 5.305, 5.413, 5.398, 5.403, 5.398, 5.381, 5.401, 4.442, 5.442, 5.446, 5.425, 5.458, 5.443, 5.45, 5.454, 5.507, 4.323, 5.531, 5.565, 5.573, 5.559, 5.531, 5.37, 4.544, 5.446, 5.402, 5.479, 4.603, 5.448, 5.287, 5.41, 5.404, 5.421, 5.418, 4.146, 5.379, 5.382, 5.431, 5.342, 5.382, 4.761, 5.107, 5.385, 5.392, 5.363, 4.18, 5.396, 5.325, 5.392, 5.443, 5.448, 5.41, 5.385, 3.777, 5.38, 5.384, 5.42, 5.34, 5.391, 5.37, 3.829, 5.39, 5.339, 5.335, 5.336, 5.354, 5.38, 4.902, 5.603, 4.16, 5.318, 5.385, 5.379, 5.343, 5.429, 4.991, 4.917, 5.379, 5.415, 5.425, 5.423, 5.41, 4.119, 5.436, 5.44, 5.441, 5.384, 4.651, 5.433, 5.444, 5.09, 5.378, 5.369, 5.382, 5.343, 4.921, 4.985, 5.333, 5.299, 5.363, 5.317, 5.343, 5.257, 4.451, 5.358, 5.298, 4.319, 5.323, 5.34, 5.358, 5.371, 5.377, 4.619, 5.346, 5.304, 5.374, 5.321, 5.365, 5.327, 4.014, 5.359, 5.342, 5.37, 5.345, 5.369, 5.364, 3.902, 5.384, 5.377, 3.899, 5.363, 5.345, 5.374, 5.369, 4.802, 5.701, 5.121, 5.532, 5.375, 5.307, 4.595, 5.852]}, "times": ["2026-08-11T17:12", "2026-08-11T21:41", "2026-08-12T03:15", "2026-08-12T07:04", "2026-08-12T12:11", "2026-08-12T22:27", "2026-08-13T01:32", "2026-08-13T04:54", "2026-08-13T07:59", "2026-08-13T14:11", "2026-08-13T17:37", "2026-08-14T01:03", "2026-08-14T04:51", "2026-08-14T07:33", "2026-08-14T12:39", "2026-08-14T16:27", "2026-08-15T04:28", "2026-08-15T08:52", "2026-08-15T20:57", "2026-08-15T23:38", "2026-08-16T03:11", "2026-08-16T08:58", "2026-08-16T15:16", "2026-08-16T18:07", "2026-08-16T23:00", "2026-08-17T00:41", "2026-08-17T05:23", "2026-08-17T07:06", "2026-08-17T15:04", "2026-08-17T17:54", "2026-08-17T21:20", "2026-08-18T01:16", "2026-08-18T04:13", "2026-08-18T06:59", "2026-08-18T11:24", "2026-08-18T14:47", "2026-08-18T18:03", "2026-08-18T22:25", "2026-08-19T01:13", "2026-08-19T04:19", "2026-08-19T10:40", "2026-08-19T14:05", "2026-08-19T17:36", "2026-08-20T00:18", "2026-08-20T03:29", "2026-08-20T05:35", "2026-08-20T09:01", "2026-08-20T13:17", "2026-08-20T16:14", "2026-08-20T19:15", "2026-08-20T22:08", "2026-08-21T01:27", "2026-08-21T04:30", "2026-08-21T08:16", "2026-08-21T11:06", "2026-08-21T14:05", "2026-08-21T17:27", "2026-08-21T20:15", "2026-08-21T23:25", "2026-08-22T02:16", "2026-08-22T05:36", "2026-08-22T08:43", "2026-08-22T12:41", "2026-08-22T15:31", "2026-08-22T19:16", "2026-08-22T22:24", "2026-08-23T01:29", "2026-08-23T04:45", "2026-08-23T06:48", "2026-08-23T12:56", "2026-08-23T16:16", "2026-08-23T19:36", "2026-08-23T22:53", "2026-08-24T02:28", "2026-08-24T05:08", "2026-08-24T08:15", "2026-08-24T13:52", "2026-08-24T16:52", "2026-08-24T21:18", "2026-08-25T00:22", "2026-08-25T03:12", "2026-08-25T12:29", "2026-08-25T14:05", "2026-08-25T17:16", "2026-08-25T21:40", "2026-08-26T00:35", "2026-08-26T03:18", "2026-08-26T06:13", "2026-08-26T09:15", "2026-08-26T13:46", "2026-08-26T15:36", "2026-08-26T19:00", "2026-08-26T22:11", "2026-08-27T04:39", "2026-08-27T07:46", "2026-08-27T15:51", "2026-08-27T19:31", "2026-08-27T22:43", "2026-08-28T00:27", "2026-08-28T03:47", "2026-08-28T08:15", "2026-08-28T20:02", "2026-08-28T22:50", "2026-08-29T01:50", "2026-08-29T04:52", "2026-08-29T08:38", "2026-08-29T12:17", "2026-08-31T01:06", "2026-08-31T04:51", "2026-08-31T08:07", "2026-08-31T11:01", "2026-08-31T14:00", "2026-08-31T17:04", "2026-08-31T19:58", "2026-08-31T23:13", "2026-09-01T02:23", "2026-09-01T06:23", "2026-09-01T09:40", "2026-09-01T12:51", "2026-09-01T16:06", "2026-09-01T17:56", "2026-09-01T21:36", "2026-09-02T01:28", "2026-09-02T04:39", "2026-09-02T08:08", "2026-09-02T10:00", "2026-09-02T13:47", "2026-09-02T17:30", "2026-09-02T20:11", "2026-09-02T23:40", "2026-09-03T03:14", "2026-09-03T04:57", "2026-09-03T08:41", "2026-09-03T13:10", "2026-09-03T15:16", "2026-09-03T18:27", "2026-09-03T21:31", "2026-09-04T00:50", "2026-09-04T07:40", "2026-09-04T11:12", "2026-09-04T14:36", "2026-09-04T17:40", "2026-09-04T21:08", "2026-09-04T23:10", "2026-09-05T03:53", "2026-09-05T05:33", "2026-09-05T08:48", "2026-09-05T11:54", "2026-09-05T15:04", "2026-09-05T18:15", "2026-09-05T22:49", "2026-09-06T01:57", "2026-09-06T05:09", "2026-09-06T07:00", "2026-09-06T18:18", "2026-09-07T05:06", "2026-09-07T08:35", "2026-09-07T20:50", "2026-09-07T23:10", "2026-09-08T01:22", "2026-09-08T04:48", "2026-09-08T08:13", "2026-09-08T15:11", "2026-09-08T18:51", "2026-09-08T20:48", "2026-09-09T00:40", "2026-09-09T06:13", "2026-09-09T10:09", "2026-09-09T13:55", "2026-09-09T16:58", "2026-09-09T20:09", "2026-09-09T21:52", "2026-09-10T01:21", "2026-09-10T04:49", "2026-09-10T07:48", "2026-09-10T12:02", "2026-09-10T14:10", "2026-09-10T17:38", "2026-09-10T20:28", "2026-09-11T00:01", "2026-09-11T02:02", "2026-09-11T06:25", "2026-09-11T08:46", "2026-09-11T13:18", "2026-09-11T15:35", "2026-09-11T18:50", "2026-09-12T02:41", "2026-09-12T04:35", "2026-09-12T08:14", "2026-09-12T10:30", "2026-09-12T15:01", "2026-09-12T16:55", "2026-09-12T20:54", "2026-09-12T23:19", "2026-09-13T03:39", "2026-09-13T05:33", "2026-09-13T09:11", "2026-09-13T13:05", "2026-09-13T16:07", "2026-09-13T19:43", "2026-09-13T21:45", "2026-09-14T01:56", "2026-09-14T03:40", "2026-09-14T07:09", "2026-09-14T11:21", "2026-09-14T13:35", "2026-09-14T16:58", "2026-09-15T16:25", "2026-09-15T19:42", "2026-09-16T06:34", "2026-09-16T08:13", "2026-09-16T18:25", "2026-09-16T23:36", "2026-09-17T04:04", "2026-09-17T07:37", "2026-09-17T09:15", "2026-09-17T12:56", "2026-09-17T20:17", "2026-09-17T23:37", "2026-09-18T01:36", "2026-09-18T06:20", "2026-09-18T10:04", "2026-09-18T12:06", "2026-09-18T15:08", "2026-09-18T18:42", "2026-09-18T21:26", "2026-09-19T01:18", "2026-09-19T04:31", "2026-09-19T08:12", "2026-09-19T10:08", "2026-09-19T13:32", "2026-09-19T17:01", "2026-09-19T20:46", "2026-09-19T22:54", "2026-09-20T02:48", "2026-09-20T04:34", "2026-09-20T08:03", "2026-09-20T21:36", "2026-09-20T23:56", "2026-09-21T04:44", "2026-09-21T06:24", "2026-09-21T10:42", "2026-09-21T12:59", "2026-09-21T16:26", "2026-09-21T20:03", "2026-09-21T23:49", "2026-09-22T02:10", "2026-09-22T04:25", "2026-09-22T07:35", "2026-09-22T10:50", "2026-09-22T14:34", "2026-09-22T18:12", "2026-09-22T19:47", "2026-09-22T23:22", "2026-09-23T03:21", "2026-09-23T05:31", "2026-09-23T08:52", "2026-09-23T12:05", "2026-09-23T15:52", "2026-09-23T19:37", "2026-09-23T22:55", "2026-09-24T01:16", "2026-09-24T06:21", "2026-09-24T10:48", "2026-09-24T12:53", "2026-09-24T17:07", "2026-09-24T19:17", "2026-09-24T23:23", "2026-09-25T02:37", "2026-09-25T12:17", "2026-09-25T15:47", "2026-09-25T18:07", "2026-09-25T20:14", "2026-09-25T23:30", "2026-09-26T03:10", "2026-09-26T05:27", "2026-09-26T10:26", "2026-09-26T12:12", "2026-09-26T16:33", "2026-09-26T18:54", "2026-09-26T20:54", "2026-09-27T00:45", "2026-09-27T04:17", "2026-09-27T07:04", "2026-09-27T10:30", "2026-09-27T16:40", "2026-09-28T01:27", "2026-09-28T03:28", "2026-09-28T08:15", "2026-09-28T10:57", "2026-09-28T13:16", "2026-09-28T16:38", "2026-09-28T19:56", "2026-09-28T23:36", "2026-09-29T06:46", "2026-09-29T10:19", "2026-09-29T13:23", "2026-09-29T16:31", "2026-09-29T19:55", "2026-09-29T21:51", "2026-09-29T23:41"]}}, {"type": "Feature", "geometry": {"type": "Point", "coordinates": [-92.1252, 27.3041]}, "properties": {"kind": "now", "id": "ng1241", "operator": "US Navy (NAVOCEANO)", "color": "#ff6b9d", "dataset": "ng1241-20260713T0000", "time": "2026-09-29T23:41:54Z", "n": 397172, "maxDepth": 924.1, "surface": {"temperature": 24.462, "salinity": 36.606, "density": 1024.888, "conductivity": 5.469}, "profile": {"depth": [0, 5, 10, 15, 20, 25, 30, 35, 40, 45, 50, 55, 60, 65, 70, 75, 80, 85, 90, 95, 100, 105, 110, 115, 120, 125, 130, 135, 140, 145, 150, 155, 160, 165, 170, 175, 180, 185, 190, 195, 200, 205, 210, 215, 220, 225, 230, 235, 240, 245, 250, 255, 260, 265, 270, 275, 280, 285, 290, 295, 300, 305, 310, 315, 320, 325, 330, 335, 340, 345, 350, 355, 360, 365, 370, 375, 380, 385, 390, 395, 400, 405, 410, 415, 420, 425, 430, 435, 440, 445, 450, 455, 460, 465, 470, 475, 480, 485, 490, 495, 500, 505, 510, 515, 520, 525, 530, 535, 540, 545, 550, 555], "temperature": [30.333, 30.329, 30.327, 30.303, 29.64, 27.703, 26.493, 25.466, 24.434, 23.785, 23.156, 22.412, 22.383, 21.578, 21.097, 20.671, 20.579, 20.123, 19.774, 19.359, 19.217, 19.015, 18.852, 18.695, 18.464, 18.336, 18.186, 18.09, 17.913, 17.688, 17.451, 17.164, 16.969, 16.736, 16.581, 16.368, 16.221, 16.014, 15.682, 15.427, 15.063, 14.785, 14.661, 14.635, 14.415, 14.312, 14.208, 14.03, 13.868, 13.548, 13.288, 13.159, 13.001, 12.915, 12.754, 12.555, 12.354, 12.259, 12.181, 12.138, 12.052, 11.844, 11.739, 11.679, 11.651, 11.63, 11.559, 11.362, 11.154, 11.113, 11.07, 10.942, 10.93, 10.91, 10.833, 10.772, 10.699, 10.563, 10.39, 10.244, 10.138, 10.046, 9.982, 9.901, 9.814, 9.707, 9.633, 9.536, 9.415, 9.344, 9.257, 9.177, 9.041, 8.999, 8.951, 8.892, 8.861, 8.85, 8.793, 8.696, 8.62, 8.517, 8.406, 8.297, 8.219, 8.116, 8.022, 7.941, 7.905, 7.809, 7.753, 7.747], "salinity": [36.512, 36.514, 36.513, 36.517, 36.535, 36.525, 36.581, 36.653, 36.614, 36.568, 36.596, 36.604, 36.734, 36.655, 36.606, 36.64, 36.723, 36.691, 36.672, 36.621, 36.611, 36.585, 36.576, 36.557, 36.52, 36.5, 36.479, 36.468, 36.44, 36.399, 36.357, 36.303, 36.267, 36.231, 36.204, 36.171, 36.144, 36.109, 36.058, 36.012, 35.954, 35.912, 35.893, 35.888, 35.855, 35.838, 35.82, 35.791, 35.762, 35.716, 35.678, 35.658, 35.636, 35.62, 35.596, 35.564, 35.537, 35.522, 35.51, 35.503, 35.488, 35.458, 35.442, 35.433, 35.427, 35.422, 35.409, 35.379, 35.349, 35.342, 35.334, 35.319, 35.317, 35.314, 35.304, 35.297, 35.286, 35.269, 35.249, 35.232, 35.216, 35.204, 35.195, 35.184, 35.172, 35.158, 35.148, 35.138, 35.123, 35.114, 35.105, 35.097, 35.082, 35.077, 35.072, 35.066, 35.066, 35.066, 35.057, 35.043, 35.033, 35.02, 35.01, 35.0, 34.994, 34.983, 34.973, 34.967, 34.964, 34.959, 34.955, 34.956], "density": [1022.762, 1022.782, 1022.802, 1022.84, 1023.099, 1023.761, 1024.213, 1024.612, 1024.92, 1025.101, 1025.329, 1025.573, 1025.7, 1025.891, 1026.01, 1026.175, 1026.285, 1026.405, 1026.506, 1026.598, 1026.65, 1026.705, 1026.763, 1026.81, 1026.863, 1026.902, 1026.946, 1026.985, 1027.027, 1027.075, 1027.125, 1027.175, 1027.218, 1027.267, 1027.304, 1027.354, 1027.391, 1027.434, 1027.493, 1027.538, 1027.599, 1027.652, 1027.686, 1027.709, 1027.754, 1027.787, 1027.819, 1027.858, 1027.892, 1027.947, 1027.995, 1028.029, 1028.066, 1028.094, 1028.131, 1028.169, 1028.211, 1028.241, 1028.27, 1028.296, 1028.325, 1028.365, 1028.395, 1028.422, 1028.447, 1028.468, 1028.494, 1028.53, 1028.569, 1028.593, 1028.62, 1028.656, 1028.679, 1028.703, 1028.732, 1028.759, 1028.787, 1028.822, 1028.861, 1028.896, 1028.928, 1028.958, 1028.984, 1029.015, 1029.043, 1029.073, 1029.101, 1029.132, 1029.164, 1029.193, 1029.225, 1029.255, 1029.289, 1029.314, 1029.34, 1029.368, 1029.398, 1029.424, 1029.449, 1029.476, 1029.504, 1029.534, 1029.568, 1029.601, 1029.632, 1029.664, 1029.693, 1029.722, 1029.749, 1029.784, 1029.813, 1029.835], "conductivity": [6.095, 6.095, 6.095, 6.093, 6.022, 5.807, 5.683, 5.581, 5.464, 5.388, 5.324, 5.245, 5.259, 5.163, 5.106, 5.065, 5.066, 5.014, 4.975, 4.925, 4.909, 4.885, 4.867, 4.849, 4.821, 4.805, 4.787, 4.776, 4.755, 4.727, 4.698, 4.662, 4.638, 4.611, 4.592, 4.567, 4.549, 4.524, 4.485, 4.454, 4.411, 4.379, 4.365, 4.362, 4.336, 4.324, 4.312, 4.292, 4.273, 4.236, 4.207, 4.192, 4.175, 4.165, 4.147, 4.124, 4.102, 4.091, 4.083, 4.078, 4.068, 4.045, 4.034, 4.027, 4.024, 4.022, 4.014, 3.992, 3.969, 3.965, 3.96, 3.946, 3.945, 3.943, 3.935, 3.929, 3.921, 3.906, 3.888, 3.873, 3.861, 3.852, 3.845, 3.836, 3.827, 3.816, 3.808, 3.798, 3.785, 3.778, 3.769, 3.761, 3.747, 3.743, 3.738, 3.732, 3.73, 3.729, 3.723, 3.713, 3.705, 3.694, 3.683, 3.672, 3.665, 3.654, 3.645, 3.637, 3.633, 3.624, 3.619, 3.619]}}}, {"type": "Feature", "geometry": {"type": "LineString", "coordinates": [[-91.0313, 27.5132], [-91.1347, 27.478], [-91.1928, 27.4822], [-91.2834, 27.496], [-91.3059, 27.4985], [-91.329, 27.4995], [-91.3871, 27.4888], [-91.4132, 27.4883], [-91.4421, 27.4889], [-91.4997, 27.4921], [-91.5662, 27.4951], [-91.5975, 27.4967], [-91.6781, 27.4982], [-91.7226, 27.5005], [-91.7482, 27.5042], [-91.7725, 27.5086], [-91.7951, 27.5127], [-91.8159, 27.5148], [-91.8355, 27.5167], [-91.8711, 27.5133], [-91.9128, 27.5078], [-91.9357, 27.5042], [-91.9555, 27.5009], [-91.9778, 27.506], [-92.0025, 27.5153], [-92.0261, 27.5245], [-92.0465, 27.5327], [-92.0663, 27.5377], [-92.0887, 27.5416], [-92.1137, 27.5444], [-92.1386, 27.5461], [-92.1654, 27.5481], [-92.1911, 27.5495], [-92.2159, 27.5507], [-92.2398, 27.5513], [-92.2626, 27.5511], [-92.2849, 27.5503], [-92.3035, 27.5475], [-92.3238, 27.5444], [-92.3414, 27.5401], [-92.3598, 27.535], [-92.3783, 27.5297], [-92.3982, 27.5238], [-92.4207, 27.5164], [-92.4395, 27.5115], [-92.4599, 27.5043], [-92.4787, 27.4997], [-92.4954, 27.4927], [-92.5121, 27.4883], [-92.527, 27.4818], [-92.5413, 27.4759], [-92.5556, 27.4718], [-92.58, 27.4597], [-92.5949, 27.464], [-92.606, 27.4523], [-92.6321, 27.4355], [-92.6612, 27.4151], [-92.6843, 27.3879], [-92.6908, 27.3655], [-92.6789, 27.3357], [-92.6767, 27.3185], [-92.6642, 27.2934], [-92.6615, 27.2764], [-92.6521, 27.2526], [-92.6484, 27.2331], [-92.6415, 27.211], [-92.6156, 27.1529], [-92.5861, 27.0874], [-92.5768, 27.0629], [-92.1922, 26.3916], [-92.0737, 26.2064], [-92.0673, 26.2072], [-92.0444, 26.2023], [-92.033, 26.2062], [-92.0117, 26.2046], [-92.0044, 26.2044], [-91.9963, 26.2084], [-91.9885, 26.2053], [-91.979, 26.2049], [-91.9646, 26.2095], [-91.9427, 26.2084], [-91.9296, 26.206], [-91.919, 26.2092], [-91.9093, 26.2097], [-91.8889, 26.2062], [-91.88, 26.2105], [-91.8722, 26.2123], [-91.8601, 26.2111], [-91.8418, 26.2162], [-91.8278, 26.2217], [-91.8194, 26.2213], [-91.8138, 26.2263], [-91.8081, 26.2322], [-91.7916, 26.255], [-91.7822, 26.2622], [-91.7754, 26.2717], [-91.7666, 26.2773], [-91.7594, 26.283], [-91.7525, 26.2925], [-91.7458, 26.2981], [-91.7397, 26.3059], [-91.7344, 26.3167], [-91.7296, 26.3263], [-91.7261, 26.3362], [-91.7215, 26.3496], [-91.7177, 26.3607], [-91.712, 26.3725], [-91.7067, 26.3858], [-91.7019, 26.3959], [-91.6961, 26.4074], [-91.6921, 26.4195], [-91.6883, 26.4303], [-91.6856, 26.4395], [-91.6818, 26.4574], [-91.6827, 26.4753], [-91.6805, 26.4908], [-91.6795, 26.504], [-91.6774, 26.5201], [-91.6744, 26.5329], [-91.672, 26.5446], [-91.6504, 26.7762], [-91.6485, 26.8137], [-91.648, 26.8475], [-91.6513, 26.873], [-91.6511, 26.8917], [-91.6496, 26.9092], [-91.6536, 26.9277], [-91.6543, 26.9429], [-91.6524, 26.9572], [-91.6568, 26.9733], [-91.6598, 26.988], [-91.6581, 27.003], [-91.6624, 27.0176], [-91.6662, 27.0347], [-91.6627, 27.0494], [-91.6631, 27.0664], [-91.6591, 27.0801], [-91.6503, 27.0917], [-91.6454, 27.1013], [-91.6433, 27.11], [-91.6369, 27.1177], [-91.6357, 27.1247], [-91.6379, 27.1346], [-91.6332, 27.1425], [-91.6313, 27.1498], [-91.6326, 27.1622], [-91.6238, 27.1686], [-91.6193, 27.1771], [-91.6124, 27.1864], [-91.6054, 27.1886], [-91.6141, 27.1846], [-91.6341, 27.1752], [-91.6492, 27.1661], [-91.6669, 27.1586], [-91.6921, 27.1522], [-91.7095, 27.1428], [-91.7322, 27.1395], [-91.7506, 27.1338], [-91.7644, 27.1267], [-91.8055, 27.1151], [-91.8238, 27.1009], [-91.8537, 27.086], [-91.8734, 27.0794], [-91.8827, 27.0698], [-91.9033, 27.0672], [-91.9117, 27.0615], [-91.9199, 27.0581], [-91.9303, 27.0546], [-91.935, 27.0461], [-91.9423, 27.0429], [-91.9523, 27.042], [-91.9659, 27.052], [-91.9913, 27.0716], [-92.011, 27.0843], [-92.0346, 27.0982], [-92.0634, 27.1148], [-92.0822, 27.1271], [-92.1179, 27.1446], [-92.1424, 27.1556], [-92.1682, 27.1657], [-92.2028, 27.1732], [-92.2254, 27.1829], [-92.2555, 27.1899], [-92.2812, 27.1969], [-92.3023, 27.2043], [-92.339, 27.2116], [-92.358, 27.222], [-92.3907, 27.231], [-92.4159, 27.2418], [-92.4324, 27.251], [-92.4645, 27.2589], [-92.4816, 27.2689], [-92.5001, 27.2767], [-92.5249, 27.2827], [-92.5438, 27.2972], [-92.5821, 27.3124], [-92.5998, 27.3231], [-92.6089, 27.3355], [-92.6273, 27.3452], [-92.6345, 27.3561], [-92.6427, 27.3653], [-92.6542, 27.3759], [-92.6602, 27.3854], [-92.6805, 27.3869], [-92.7326, 27.3868], [-92.764, 27.3897], [-92.791, 27.3922], [-92.8108, 27.3978], [-92.8298, 27.4029], [-92.852, 27.4097], [-92.8767, 27.4185], [-92.9117, 27.4285], [-92.9289, 27.4337], [-92.9442, 27.4402], [-92.9831, 27.4558], [-92.9913, 27.4672], [-92.9951, 27.4763], [-92.9984, 27.4826], [-92.9952, 27.4837], [-92.9959, 27.4836], [-92.9962, 27.4827], [-92.9948, 27.4833], [-92.9977, 27.4818], [-92.9965, 27.4825], [-92.9961, 27.4828], [-92.998, 27.4808], [-92.9955, 27.4829], [-92.997, 27.4822], [-92.9988, 27.4824], [-92.996, 27.4831], [-92.996, 27.4832], [-92.9949, 27.4826], [-92.9944, 27.483], [-92.9958, 27.4805], [-92.9948, 27.4825], [-92.9963, 27.4806], [-92.9982, 27.4791], [-92.9964, 27.4812], [-92.9993, 27.4802], [-92.9977, 27.483], [-92.9975, 27.4834], [-92.9991, 27.4839], [-92.995, 27.4838], [-92.9957, 27.4839], [-92.9963, 27.4823], [-92.9957, 27.4828], [-93.0001, 27.4825], [-92.9951, 27.4837], [-92.9965, 27.4837], [-92.9963, 27.4835], [-92.9957, 27.4837], [-92.9999, 27.4826], [-92.9964, 27.4836], [-93.0017, 27.484], [-93.0009, 27.4846], [-93.0006, 27.4848], [-93.0042, 27.4863], [-92.9996, 27.4853], [-93.0026, 27.4859], [-93.0008, 27.4854], [-93.0003, 27.4853], [-93.0006, 27.4857], [-92.9968, 27.4842], [-92.9973, 27.4839], [-92.9991, 27.4828], [-92.9962, 27.4835], [-92.9967, 27.4816], [-92.9951, 27.483], [-92.9967, 27.482], [-92.9956, 27.4821], [-92.995, 27.4827], [-92.9963, 27.4806], [-92.9946, 27.4825], [-92.9956, 27.4809], [-92.9952, 27.481], [-92.9949, 27.4815], [-92.9955, 27.4787], [-93.0071, 27.4805], [-93.1183, 27.4623], [-93.2611, 27.4458], [-93.3514, 27.4487], [-93.4512, 27.4634], [-93.5536, 27.473], [-93.6852, 27.5014], [-93.9094, 27.5159], [-94.0915, 27.5032], [-94.2581, 27.4524], [-94.4529, 27.3915], [-94.4949, 27.3909], [-94.5179, 27.3973], [-94.5504, 27.3878], [-94.6032, 27.3576], [-94.7343, 27.2994], [-94.9283, 27.247], [-94.9954, 27.2614], [-95.0612, 27.279], [-95.1614, 27.3155], [-95.204, 27.3395], [-95.2421, 27.3679], [-95.2945, 27.3967], [-95.3094, 27.4042]]}, "properties": {"kind": "track", "id": "ng1238", "operator": "US Navy (NAVOCEANO)", "color": "#ffd166", "dataset": "ng1238-20260713T0000", "vals": {"temperature": [26.335, 25.091, 28.463, 26.872, 26.743, 24.782, 25.892, 24.735, 24.764, 24.898, 25.693, 25.989, 28.119, 26.262, 25.544, 26.734, 24.663, 26.143, 23.103, 24.321, 25.566, 24.236, 26.567, 24.927, 25.151, 25.084, 26.818, 26.352, 22.711, 23.296, 24.546, 24.149, 24.447, 26.932, 24.444, 24.626, 26.082, 26.516, 18.391, 27.316, 11.612, 27.443, 10.44, 24.236, 15.315, 26.929, 27.553, 15.538, 27.601, 11.001, 25.628, 15.386, 27.459, 24.678, 13.512, 25.761, 11.025, 25.987, 25.124, 24.428, 26.742, 16.338, 27.916, 14.061, 26.878, 11.16, 26.956, 29.026, 16.883, 27.189, 26.18, 17.528, 29.392, 26.578, 15.209, 28.175, 28.17, 15.419, 25.999, 28.184, 14.926, 25.851, 26.846, 18.988, 26.714, 27.305, 20.263, 26.923, 23.591, 24.864, 17.436, 27.591, 24.241, 18.577, 26.384, 26.856, 12.979, 27.084, 26.306, 12.787, 27.454, 24.007, 12.414, 23.507, 25.926, 12.803, 24.703, 27.449, 15.078, 23.747, 26.006, 15.63, 27.2, 16.679, 23.432, 24.642, 16.661, 21.955, 23.952, 23.574, 24.183, 26.244, 22.605, 17.388, 25.131, 25.677, 14.981, 25.296, 24.408, 14.264, 25.0, 25.864, 13.23, 24.802, 24.534, 13.69, 25.139, 24.354, 14.274, 26.543, 24.781, 14.764, 24.177, 24.754, 17.007, 26.76, 26.076, 15.834, 26.046, 24.224, 23.783, 21.835, 26.011, 14.312, 25.025, 24.384, 14.239, 24.462, 20.407, 25.131, 26.657, 12.817, 24.025, 25.214, 16.657, 24.734, 14.807, 26.358, 23.816, 12.662, 25.535, 24.366, 20.977, 25.553, 12.524, 26.462, 26.119, 19.697, 23.644, 14.141, 25.169, 24.104, 12.498, 26.928, 16.89, 26.404, 24.774, 12.94, 24.671, 21.598, 23.625, 24.112, 14.833, 24.496, 25.416, 12.906, 23.704, 27.457, 16.556, 27.286, 13.437, 25.01, 23.463, 13.006, 24.072, 25.054, 16.741, 27.48, 14.757, 25.269, 24.472, 13.559, 26.369, 23.277, 19.181, 26.172, 15.824, 23.927, 27.056, 12.569, 27.183, 23.862, 17.895, 25.337, 15.853, 24.931, 26.254, 12.719, 23.877, 24.497, 14.992, 25.564, 16.218, 25.724, 25.94, 13.439, 24.114, 23.822, 17.71, 26.891, 14.4, 27.262, 25.989, 15.073, 26.821, 16.114, 24.392, 27.237, 14.859, 25.727, 14.674, 25.359, 25.838, 15.816, 26.457, 14.21, 24.97, 23.922, 15.159, 26.152, 16.088, 25.518, 24.731, 13.125, 25.408, 21.503, 25.345, 25.248, 13.33, 26.716, 14.946, 27.142, 22.898, 14.178, 26.47, 14.61, 26.104, 17.921, 23.904, 23.997, 26.764, 26.136, 23.724, 23.236, 23.484, 28.254, 24.774, 24.153, 24.283, 23.826, 27.35, 25.349, 23.258, 26.205, 26.449, 27.335, 25.595, 25.723, 24.385, 25.626, 30.524], "salinity": [35.802, 35.693, 34.979, 35.489, 35.262, 36.056, 35.886, 35.946, 35.972, 35.969, 35.817, 35.802, 35.861, 36.232, 36.239, 36.093, 36.193, 35.851, 36.481, 36.356, 36.203, 36.267, 36.114, 36.355, 36.451, 36.45, 36.433, 36.459, 36.488, 36.526, 36.464, 36.481, 36.489, 36.486, 36.463, 36.407, 36.368, 36.163, 36.199, 36.154, 35.425, 36.245, 35.241, 36.355, 35.943, 36.341, 36.244, 36.002, 36.287, 35.328, 36.485, 35.96, 36.542, 36.55, 35.709, 36.618, 35.318, 36.623, 36.585, 36.585, 36.621, 36.12, 36.633, 35.793, 36.638, 35.353, 36.641, 36.631, 36.212, 36.636, 36.641, 36.233, 36.62, 36.633, 35.964, 36.627, 36.64, 35.994, 36.631, 36.633, 35.909, 36.637, 36.62, 36.356, 36.465, 36.446, 36.376, 36.311, 36.234, 36.191, 36.181, 35.792, 36.131, 36.258, 36.169, 35.983, 35.618, 35.829, 36.024, 35.587, 35.791, 36.215, 35.528, 36.188, 36.295, 35.583, 36.346, 36.223, 35.909, 36.303, 36.305, 35.984, 36.088, 36.063, 36.203, 36.252, 36.077, 36.129, 36.253, 36.404, 36.28, 36.331, 36.314, 36.219, 36.426, 36.439, 35.928, 36.455, 36.482, 35.816, 36.504, 36.501, 35.65, 36.533, 36.536, 35.725, 36.534, 36.54, 35.807, 36.462, 36.56, 35.879, 36.523, 36.47, 36.2, 36.275, 36.428, 36.033, 36.461, 36.54, 36.457, 36.533, 36.459, 35.806, 36.456, 36.493, 35.808, 36.499, 36.473, 36.459, 36.386, 35.582, 36.502, 36.512, 36.167, 36.536, 35.88, 36.473, 36.563, 35.56, 36.528, 36.487, 36.479, 36.47, 35.532, 36.392, 36.358, 36.452, 36.455, 35.78, 36.427, 36.458, 35.539, 36.277, 36.189, 36.396, 36.456, 35.6, 36.46, 36.529, 36.379, 36.43, 35.872, 36.394, 36.399, 35.579, 36.453, 36.262, 36.153, 36.271, 35.657, 36.479, 36.466, 35.598, 36.473, 36.419, 36.19, 36.29, 35.865, 36.409, 36.532, 35.691, 36.602, 36.52, 36.392, 36.585, 36.024, 36.586, 36.596, 35.531, 36.61, 36.576, 36.304, 36.611, 36.034, 36.56, 36.571, 35.552, 36.57, 36.576, 35.923, 36.597, 36.097, 36.591, 36.587, 35.678, 36.589, 36.58, 36.288, 36.61, 35.816, 36.592, 36.523, 35.936, 36.54, 36.073, 36.431, 36.485, 35.896, 36.464, 35.85, 36.461, 36.483, 36.044, 36.429, 35.773, 36.372, 36.366, 35.938, 36.393, 36.065, 36.43, 36.41, 35.609, 36.382, 36.484, 36.165, 36.443, 35.647, 36.286, 35.895, 36.304, 36.423, 35.784, 36.347, 36.252, 36.812, 36.756, 36.891, 36.935, 36.977, 36.926, 36.977, 37.01, 37.04, 37.112, 37.097, 37.088, 37.084, 37.08, 37.148, 37.124, 37.097, 37.171, 37.139, 37.182, 37.162, 37.138, 37.137, 37.13, 37.197], "density": [1023.755, 1024.152, 1022.407, 1023.356, 1023.258, 1024.577, 1024.03, 1024.528, 1024.559, 1024.551, 1024.171, 1024.073, 1023.424, 1024.35, 1024.592, 1024.101, 1024.868, 1024.12, 1025.611, 1025.152, 1024.552, 1025.013, 1024.113, 1024.88, 1024.886, 1024.9, 1024.289, 1024.503, 1025.738, 1025.568, 1025.077, 1025.234, 1025.134, 1024.314, 1025.119, 1025.025, 1024.525, 1024.246, 1026.833, 1023.969, 1028.632, 1023.998, 1029.041, 1025.145, 1027.739, 1024.268, 1024.001, 1027.653, 1024.004, 1028.834, 1024.819, 1027.742, 1024.261, 1025.188, 1028.185, 1024.892, 1028.918, 1024.862, 1025.231, 1025.298, 1024.589, 1027.713, 1024.182, 1028.237, 1024.563, 1028.983, 1024.469, 1023.607, 1027.651, 1024.421, 1024.814, 1027.513, 1023.603, 1024.65, 1027.983, 1024.112, 1024.137, 1027.957, 1024.893, 1024.141, 1028.068, 1024.945, 1024.593, 1027.085, 1024.509, 1024.272, 1026.617, 1024.273, 1025.287, 1024.907, 1027.261, 1023.673, 1025.113, 1027.022, 1024.35, 1024.048, 1028.226, 1023.832, 1024.253, 1028.279, 1023.679, 1025.139, 1028.361, 1025.269, 1024.597, 1028.289, 1025.026, 1024.033, 1027.774, 1025.278, 1024.576, 1027.637, 1024.018, 1027.393, 1025.286, 1024.952, 1027.408, 1025.67, 1025.174, 1025.459, 1025.104, 1024.51, 1025.694, 1027.286, 1024.922, 1024.774, 1027.839, 1024.931, 1025.259, 1028.073, 1025.102, 1024.806, 1028.338, 1025.132, 1025.212, 1028.208, 1025.019, 1025.277, 1028.142, 1024.542, 1025.199, 1028.069, 1025.38, 1025.135, 1027.607, 1024.341, 1024.685, 1027.874, 1024.691, 1025.365, 1025.489, 1026.127, 1024.713, 1028.233, 1025.051, 1025.279, 1028.212, 1025.258, 1026.707, 1024.983, 1024.432, 1028.461, 1025.391, 1025.035, 1027.561, 1025.199, 1028.004, 1024.623, 1025.524, 1028.479, 1024.919, 1025.337, 1026.376, 1024.854, 1028.503, 1024.514, 1024.645, 1026.801, 1025.465, 1028.14, 1024.928, 1025.316, 1028.475, 1024.248, 1027.561, 1024.539, 1025.125, 1028.378, 1025.15, 1026.328, 1025.414, 1025.318, 1027.973, 1025.166, 1024.891, 1028.432, 1025.472, 1024.104, 1027.625, 1024.166, 1028.354, 1025.093, 1025.569, 1028.42, 1025.334, 1025.018, 1027.58, 1024.09, 1028.09, 1024.934, 1025.258, 1028.292, 1024.717, 1025.712, 1026.929, 1024.763, 1027.852, 1025.509, 1024.438, 1028.491, 1024.408, 1025.525, 1027.289, 1025.062, 1027.823, 1025.166, 1024.762, 1028.518, 1025.528, 1025.33, 1027.967, 1024.975, 1027.73, 1024.911, 1024.865, 1028.348, 1025.394, 1025.543, 1027.322, 1024.563, 1028.197, 1024.398, 1024.782, 1027.945, 1024.535, 1027.808, 1025.223, 1024.292, 1027.992, 1024.808, 1028.121, 1024.942, 1024.795, 1027.795, 1024.566, 1028.277, 1025.028, 1025.374, 1027.989, 1024.637, 1027.766, 1024.876, 1025.105, 1028.477, 1024.867, 1026.337, 1024.71, 1024.94, 1028.358, 1024.337, 1028.004, 1024.222, 1025.677, 1028.136, 1024.457, 1028.427, 1024.929, 1027.673, 1025.466, 1025.426, 1024.555, 1024.697, 1025.514, 1025.699, 1025.636, 1024.168, 1025.342, 1025.525, 1025.473, 1025.611, 1024.524, 1025.204, 1025.933, 1025.011, 1024.919, 1024.645, 1025.234, 1025.155, 1025.588, 1025.161, 1023.483], "conductivity": [55.537, 54.044, 56.617, 55.659, 55.183, 54.258, 55.19, 54.048, 54.122, 54.269, 54.9, 55.197, 57.584, 56.128, 55.359, 56.436, 27.964, 5.545, 5.31, 5.423, 5.532, 5.399, 5.628, 5.486, 5.525, 5.518, 5.703, 5.658, 5.27, 5.338, 5.466, 5.423, 5.456, 5.724, 5.452, 5.463, 5.614, 5.634, 4.787, 5.717, 4.023, 5.744, 3.894, 5.415, 4.441, 5.703, 5.755, 4.469, 5.767, 3.955, 5.583, 4.45, 5.79, 5.491, 4.236, 5.615, 3.958, 5.64, 5.544, 5.47, 5.722, 4.566, 5.852, 4.301, 5.739, 3.975, 5.748, 5.972, 4.632, 5.773, 5.664, 4.702, 6.012, 5.706, 4.434, 5.88, 5.882, 4.459, 5.643, 5.882, 4.4, 5.628, 5.734, 4.866, 5.697, 5.758, 5.001, 5.698, 5.327, 5.457, 4.685, 5.691, 5.385, 4.812, 5.617, 5.64, 4.173, 5.641, 5.587, 4.151, 5.676, 5.368, 4.109, 5.312, 5.587, 4.153, 5.464, 5.742, 4.414, 5.357, 5.598, 4.477, 5.695, 4.594, 5.308, 5.442, 4.594, 5.146, 5.37, 5.355, 5.401, 5.627, 5.241, 4.682, 5.52, 5.58, 4.405, 5.541, 5.45, 4.322, 5.516, 5.609, 4.203, 5.499, 5.469, 4.255, 5.534, 5.451, 4.322, 5.676, 5.499, 4.38, 5.43, 5.484, 4.642, 5.673, 5.621, 4.505, 5.622, 5.437, 5.381, 5.184, 5.618, 4.327, 5.511, 5.447, 4.319, 5.456, 5.028, 5.525, 5.678, 4.155, 5.41, 5.539, 4.602, 5.491, 4.384, 5.659, 5.398, 4.138, 5.578, 5.449, 5.088, 5.571, 4.122, 5.658, 5.617, 4.95, 5.363, 4.307, 5.522, 5.412, 4.12, 5.691, 4.628, 5.652, 5.483, 4.169, 5.473, 5.16, 5.354, 5.41, 4.386, 5.446, 5.545, 4.164, 5.37, 5.748, 4.59, 5.73, 4.225, 5.514, 5.346, 4.176, 5.412, 5.51, 4.613, 5.755, 4.378, 5.533, 5.466, 4.24, 5.68, 5.34, 4.889, 5.658, 4.502, 5.416, 5.754, 4.126, 5.769, 5.408, 4.744, 5.569, 4.506, 5.518, 5.663, 4.143, 5.407, 5.474, 4.406, 5.591, 4.549, 5.607, 5.631, 4.227, 5.435, 5.404, 4.723, 5.738, 4.337, 5.776, 5.627, 4.415, 5.72, 4.536, 5.442, 5.757, 4.389, 5.589, 4.367, 5.549, 5.604, 4.502, 5.663, 4.313, 5.494, 5.381, 4.425, 5.626, 4.532, 5.562, 5.474, 4.189, 5.543, 5.144, 5.507, 5.534, 4.212, 5.671, 4.399, 5.72, 5.281, 4.31, 5.653, 4.405, 5.677, 4.799, 5.448, 5.464, 5.77, 5.696, 5.444, 5.397, 5.427, 5.954, 5.573, 5.506, 5.519, 5.468, 5.86, 5.639, 5.407, 5.74, 5.762, 5.864, 5.67, 5.681, 5.536, 5.669, 6.22]}, "times": ["2026-08-11T17:28", "2026-08-12T03:34", "2026-08-12T05:27", "2026-08-12T14:01", "2026-08-12T16:00", "2026-08-12T17:56", "2026-08-13T01:04", "2026-08-13T03:41", "2026-08-13T05:28", "2026-08-13T11:56", "2026-08-13T15:42", "2026-08-13T17:43", "2026-08-14T02:48", "2026-08-14T05:00", "2026-08-14T07:13", "2026-08-14T09:24", "2026-08-14T11:31", "2026-08-14T13:44", "2026-08-14T15:59", "2026-08-14T18:09", "2026-08-14T22:30", "2026-08-15T00:50", "2026-08-15T03:14", "2026-08-15T05:23", "2026-08-15T07:36", "2026-08-15T09:44", "2026-08-15T12:06", "2026-08-15T14:18", "2026-08-15T16:27", "2026-08-15T17:41", "2026-08-15T19:51", "2026-08-15T22:04", "2026-08-16T00:15", "2026-08-16T02:32", "2026-08-16T04:43", "2026-08-16T06:54", "2026-08-16T09:23", "2026-08-16T10:52", "2026-08-16T12:44", "2026-08-16T14:20", "2026-08-16T16:17", "2026-08-16T17:57", "2026-08-16T21:27", "2026-08-16T23:27", "2026-08-17T01:06", "2026-08-17T03:00", "2026-08-17T04:36", "2026-08-17T06:33", "2026-08-17T08:07", "2026-08-17T10:06", "2026-08-17T13:36", "2026-08-17T15:03", "2026-08-17T20:11", "2026-08-17T21:45", "2026-08-17T23:44", "2026-08-18T01:19", "2026-08-18T08:31", "2026-08-18T13:53", "2026-08-18T15:27", "2026-08-18T17:25", "2026-08-18T19:03", "2026-08-18T21:10", "2026-08-18T22:53", "2026-08-19T00:55", "2026-08-19T02:36", "2026-08-19T04:37", "2026-08-19T07:08", "2026-08-19T17:25", "2026-08-19T18:48", "2026-08-24T09:50", "2026-08-24T11:07", "2026-08-24T14:18", "2026-08-24T19:51", "2026-08-24T21:12", "2026-08-25T01:47", "2026-08-25T04:52", "2026-08-25T06:14", "2026-08-25T07:50", "2026-08-25T10:47", "2026-08-25T12:03", "2026-08-25T16:39", "2026-08-25T19:34", "2026-08-25T20:51", "2026-08-25T23:50", "2026-08-26T04:35", "2026-08-26T05:58", "2026-08-26T08:55", "2026-08-26T10:41", "2026-08-26T16:41", "2026-08-26T18:00", "2026-08-26T19:38", "2026-08-26T22:43", "2026-08-27T00:01", "2026-08-27T05:56", "2026-08-27T10:31", "2026-08-27T11:52", "2026-08-27T13:30", "2026-08-27T16:31", "2026-08-27T17:50", "2026-08-27T19:30", "2026-08-27T22:33", "2026-08-27T23:56", "2026-08-28T02:55", "2026-08-28T04:42", "2026-08-28T06:05", "2026-08-28T09:04", "2026-08-28T10:41", "2026-08-28T12:00", "2026-08-28T14:54", "2026-08-28T16:39", "2026-08-28T18:04", "2026-08-28T21:02", "2026-08-28T22:44", "2026-08-29T00:04", "2026-08-29T04:54", "2026-08-29T06:13", "2026-08-29T09:04", "2026-08-29T10:46", "2026-08-29T13:49", "2026-08-29T15:07", "2026-08-31T00:17", "2026-08-31T02:18", "2026-08-31T07:41", "2026-08-31T09:34", "2026-08-31T12:44", "2026-08-31T14:06", "2026-08-31T15:46", "2026-08-31T18:48", "2026-08-31T20:10", "2026-08-31T21:53", "2026-09-01T00:52", "2026-09-01T02:09", "2026-09-01T03:54", "2026-09-01T07:11", "2026-09-01T08:33", "2026-09-01T10:23", "2026-09-01T13:33", "2026-09-01T14:52", "2026-09-01T17:55", "2026-09-01T19:37", "2026-09-01T20:58", "2026-09-02T00:00", "2026-09-02T01:42", "2026-09-02T03:02", "2026-09-02T06:09", "2026-09-02T07:52", "2026-09-02T09:17", "2026-09-02T12:12", "2026-09-02T14:01", "2026-09-02T15:18", "2026-09-02T18:18", "2026-09-02T19:57", "2026-09-02T21:26", "2026-09-03T00:38", "2026-09-03T02:23", "2026-09-03T03:50", "2026-09-03T05:42", "2026-09-03T08:56", "2026-09-03T10:21", "2026-09-03T15:35", "2026-09-03T17:00", "2026-09-03T22:12", "2026-09-04T01:30", "2026-09-04T02:57", "2026-09-04T04:45", "2026-09-04T06:58", "2026-09-04T09:34", "2026-09-04T11:20", "2026-09-04T12:46", "2026-09-04T14:41", "2026-09-04T17:57", "2026-09-04T19:16", "2026-09-04T21:17", "2026-09-04T22:45", "2026-09-05T02:12", "2026-09-05T03:59", "2026-09-05T05:30", "2026-09-05T07:18", "2026-09-05T09:21", "2026-09-05T12:16", "2026-09-05T14:09", "2026-09-05T15:36", "2026-09-05T17:23", "2026-09-05T20:45", "2026-09-05T22:12", "2026-09-06T00:13", "2026-09-06T01:45", "2026-09-06T03:27", "2026-09-06T06:50", "2026-09-06T08:19", "2026-09-06T10:04", "2026-09-06T11:28", "2026-09-06T14:43", "2026-09-06T16:35", "2026-09-06T18:05", "2026-09-06T23:07", "2026-09-07T02:20", "2026-09-07T03:44", "2026-09-07T05:33", "2026-09-07T07:04", "2026-09-07T10:12", "2026-09-07T12:12", "2026-09-07T13:38", "2026-09-07T15:30", "2026-09-07T22:06", "2026-09-07T23:26", "2026-09-08T01:21", "2026-09-08T03:31", "2026-09-08T06:07", "2026-09-08T07:55", "2026-09-08T09:22", "2026-09-08T14:32", "2026-09-08T17:50", "2026-09-08T19:17", "2026-09-09T00:28", "2026-09-09T03:46", "2026-09-09T05:12", "2026-09-09T07:09", "2026-09-09T09:03", "2026-09-09T10:40", "2026-09-09T14:05", "2026-09-09T15:35", "2026-09-09T17:28", "2026-09-09T18:57", "2026-09-09T22:11", "2026-09-10T00:02", "2026-09-10T01:32", "2026-09-10T03:19", "2026-09-10T06:45", "2026-09-10T07:49", "2026-09-10T10:07", "2026-09-10T13:27", "2026-09-10T14:57", "2026-09-10T16:46", "2026-09-10T18:13", "2026-09-10T20:06", "2026-09-10T23:35", "2026-09-11T01:03", "2026-09-11T02:56", "2026-09-11T05:08", "2026-09-11T07:41", "2026-09-11T09:36", "2026-09-11T11:04", "2026-09-11T12:54", "2026-09-12T02:08", "2026-09-12T03:36", "2026-09-12T05:34", "2026-09-12T07:07", "2026-09-12T15:43", "2026-09-12T17:18", "2026-09-12T20:38", "2026-09-12T22:28", "2026-09-13T00:00", "2026-09-13T05:04", "2026-09-13T07:15", "2026-09-13T09:54", "2026-09-13T11:52", "2026-09-13T13:21", "2026-09-13T15:12", "2026-09-13T17:27", "2026-09-13T19:58", "2026-09-13T21:54", "2026-09-13T23:16", "2026-09-14T01:16", "2026-09-14T08:07", "2026-09-14T09:37", "2026-09-14T14:55", "2026-09-14T16:28", "2026-09-14T21:49", "2026-09-15T01:17", "2026-09-15T02:47", "2026-09-15T04:41", "2026-09-15T06:09", "2026-09-15T08:02", "2026-09-15T11:32", "2026-09-15T13:03", "2026-09-15T14:47", "2026-09-15T16:11", "2026-09-16T01:57", "2026-09-17T05:27", "2026-09-17T14:40", "2026-09-17T23:47", "2026-09-18T08:52", "2026-09-19T03:32", "2026-09-19T22:58", "2026-09-20T08:09", "2026-09-20T17:35", "2026-09-21T12:31", "2026-09-21T21:56", "2026-09-22T16:42", "2026-09-23T02:07", "2026-09-23T11:28", "2026-09-23T21:06", "2026-09-26T05:51", "2026-09-26T15:14", "2026-09-27T00:46", "2026-09-27T19:59", "2026-09-28T05:34", "2026-09-29T00:21", "2026-09-29T19:21", "2026-09-29T19:21"]}}, {"type": "Feature", "geometry": {"type": "Point", "coordinates": [-95.3094, 27.4042]}, "properties": {"kind": "now", "id": "ng1238", "operator": "US Navy (NAVOCEANO)", "color": "#ffd166", "dataset": "ng1238-20260713T0000", "time": "2026-09-29T19:21:20Z", "n": 246686, "maxDepth": 818.5, "surface": {"temperature": 26.994, "salinity": 37.132, "density": 1024.699, "conductivity": 5.82}, "profile": {"depth": [60, 65, 70, 75, 80, 85, 90, 95, 100, 105, 110, 115, 120, 125, 130, 135, 140, 145, 150, 155, 160, 165, 170, 175, 180, 185, 190, 195, 200, 205, 210, 215, 220, 225, 230, 235, 240, 245, 250, 255, 260, 265, 270, 275, 280, 285, 290, 295, 300, 305, 310, 315, 320, 325, 330, 335, 340, 345, 350, 355, 360, 365, 370, 375, 380, 385, 390, 395, 400, 405, 410, 415, 420, 425, 430, 435, 440, 445, 450, 455, 460, 465, 470, 475, 480, 485, 490, 495, 500, 505, 510, 515, 520, 525, 530, 535], "temperature": [30.566, 30.513, 30.485, 30.474, 30.455, 30.23, 29.311, 26.54, 25.253, 24.31, 23.579, 23.015, 22.493, 21.915, 21.422, 20.876, 20.498, 20.245, 19.908, 19.534, 19.211, 18.817, 18.625, 18.333, 18.145, 17.975, 17.728, 17.552, 17.349, 17.091, 16.82, 16.569, 16.314, 16.169, 16.015, 15.747, 15.552, 15.39, 15.156, 14.987, 14.828, 14.639, 14.483, 14.258, 14.109, 14.033, 13.91, 13.68, 13.52, 13.376, 13.184, 13.049, 12.909, 12.749, 12.642, 12.559, 12.418, 12.248, 12.106, 11.984, 11.895, 11.816, 11.738, 11.615, 11.454, 11.313, 11.243, 11.147, 11.025, 10.862, 10.744, 10.665, 10.601, 10.474, 10.366, 10.233, 10.167, 10.059, 9.939, 9.834, 9.734, 9.655, 9.584, 9.5, 9.421, 9.333, 9.218, 9.142, 9.077, 9.02, 8.908, 8.854, 8.795, 8.733, 8.688, 8.645], "salinity": [37.192, 37.198, 37.204, 37.204, 37.201, 37.169, 37.12, 37.11, 37.092, 37.113, 37.079, 37.078, 37.052, 37.045, 37.1, 37.141, 37.145, 37.145, 37.113, 37.077, 37.042, 37.004, 36.984, 36.948, 36.923, 36.899, 36.865, 36.841, 36.813, 36.774, 36.732, 36.693, 36.655, 36.632, 36.606, 36.565, 36.535, 36.507, 36.472, 36.445, 36.418, 36.389, 36.362, 36.327, 36.304, 36.29, 36.269, 36.235, 36.211, 36.188, 36.159, 36.138, 36.115, 36.091, 36.072, 36.059, 36.036, 36.011, 35.989, 35.972, 35.958, 35.947, 35.934, 35.916, 35.895, 35.874, 35.864, 35.85, 35.832, 35.811, 35.795, 35.784, 35.775, 35.758, 35.742, 35.726, 35.716, 35.702, 35.688, 35.675, 35.662, 35.652, 35.643, 35.632, 35.622, 35.61, 35.596, 35.588, 35.58, 35.573, 35.56, 35.555, 35.548, 35.54, 35.536, 35.531], "density": [1023.449, 1023.49, 1023.524, 1023.55, 1023.578, 1023.655, 1023.946, 1024.88, 1025.29, 1025.616, 1025.834, 1026.02, 1026.175, 1026.353, 1026.556, 1026.762, 1026.893, 1026.981, 1027.069, 1027.166, 1027.245, 1027.34, 1027.397, 1027.466, 1027.517, 1027.563, 1027.621, 1027.669, 1027.72, 1027.774, 1027.829, 1027.882, 1027.937, 1027.974, 1028.013, 1028.066, 1028.111, 1028.15, 1028.199, 1028.238, 1028.275, 1028.319, 1028.353, 1028.4, 1028.436, 1028.463, 1028.496, 1028.543, 1028.58, 1028.617, 1028.656, 1028.69, 1028.726, 1028.762, 1028.791, 1028.82, 1028.854, 1028.891, 1028.927, 1028.961, 1028.991, 1029.019, 1029.046, 1029.079, 1029.116, 1029.15, 1029.178, 1029.208, 1029.24, 1029.278, 1029.309, 1029.339, 1029.366, 1029.399, 1029.43, 1029.464, 1029.49, 1029.521, 1029.556, 1029.587, 1029.618, 1029.647, 1029.675, 1029.704, 1029.731, 1029.762, 1029.795, 1029.824, 1029.853, 1029.877, 1029.91, 1029.938, 1029.967, 1029.994, 1030.02, 1030.042], "conductivity": [6.224, 6.219, 6.217, 6.216, 6.214, 6.184, 6.074, 5.764, 5.619, 5.519, 5.435, 5.374, 5.314, 5.251, 5.205, 5.151, 5.112, 5.085, 5.045, 5.001, 4.963, 4.917, 4.894, 4.86, 4.837, 4.817, 4.787, 4.766, 4.742, 4.711, 4.678, 4.648, 4.617, 4.6, 4.582, 4.55, 4.527, 4.507, 4.48, 4.46, 4.441, 4.419, 4.4, 4.374, 4.357, 4.348, 4.333, 4.307, 4.289, 4.272, 4.25, 4.234, 4.218, 4.2, 4.188, 4.179, 4.162, 4.143, 4.127, 4.114, 4.104, 4.095, 4.086, 4.073, 4.055, 4.039, 4.032, 4.021, 4.008, 3.99, 3.977, 3.969, 3.962, 3.948, 3.936, 3.922, 3.915, 3.903, 3.891, 3.88, 3.869, 3.861, 3.853, 3.844, 3.836, 3.827, 3.815, 3.807, 3.8, 3.794, 3.782, 3.777, 3.771, 3.765, 3.76, 3.756]}}}]}